Key,File,Type,UsedInMainMenu,NoTranslate,KeepLoaded,english,Context / Alternate Text,german,spanish,french,italian,japanese,koreana,polish,brazilian,russian,turkish,schinese,tchinese
izpoffensiveskills,progression,Attribute,,,,Combat Skills,,,,,,,,,,,,,
izpOffensiveSkillsName,progression,Attribute,,,,Combat Skills,,,,,,,,,,,,,
izpOffensiveSkillsDesc,progression,Attribute,,,,"Combat Skills is the grouping of skills dedicated to killing your enemies directly.",,,,,,,,,,,,,
izputilityskills,progression,Attribute,,,,Utility Skills,,,,,,,,,,,,,
izpUtilitySkillsName,progression,Attribute,,,,Utility Skills,,,,,,,,,,,,,
izpUtilitySkillsDesc,progression,Attribute,,,,"Utility Skills is the grouping of skills dedicated towards helping you acquire resources, improve your body and generally survive.",,,,,,,,,,,,,
izpmeleeperks,progression,Attribute,,,,Melee Perks,,,,,,,,,,,,,
izpMeleePerksName,progression,Attribute,,,,"Melee Perks [Scroll Down To See More]",,,,,,,,,,,,,
izpMeleePerksDesc,progression,Attribute,,,,"Melee Perks is a grouping of abilities, talents and specializations dedicated towards melee combat.",,,,,,,,,,,,,
izprangedperks,progression,Attribute,,,,Ranged Perks,,,,,,,,,,,,,
izpRangedPerksName,progression,Attribute,,,,"Ranged Perks [Scroll Down To See More]",,,,,,,,,,,,,
izpRangedPerksDesc,progression,Attribute,,,,"Ranged Perks is a grouping of abilities, talents and specializations dedicated towards ranged combat.",,,,,,,,,,,,,
izpmentalperks,progression,Attribute,,,,Mental Perks,,,,,,,,,,,,,
izpMentalPerksName,progression,Attribute,,,,Mental Perks,,,,,,,,,,,,,
izpMentalPerksDesc,progression,Attribute,,,,"Mental Perks is a grouping of abilities, talents and specializations related to the brain.",,,,,,,,,,,,,
izpphysicalperks,progression,Attribute,,,,Physical Perks,,,,,,,,,,,,,
izpPhysicalPerksName,progression,Attribute,,,,"Physical Perks [Scroll Down To See More]",,,,,,,,,,,,,
izpPhysicalPerksDesc,progression,Attribute,,,,"Physical Perks is a grouping of abilities, talents and specializations related to your body.",,,,,,,,,,,,,
izpresourceperks,progression,Attribute,,,,Resource Perks,,,,,,,,,,,,,
izpResourcePerksName,progression,Attribute,,,,Resource Perks,,,,,,,,,,,,,
izpResourcePerksDesc,progression,Attribute,,,,"Resource Perks is a grouping of abilities, talents and specializations dedicated to resource collection.",,,,,,,,,,,,,
izpcraftingperks,progression,Attribute,,,,Crafting Perks,,,,,,,,,,,,,
izpCraftingPerksName,progression,Attribute,,,,"Crafting Perks [Scroll Down To See More]",,,,,,,,,,,,,
izpCraftingPerksDesc,progression,Attribute,,,,"Crafting Perks is a grouping of abilities, talents and specializations dedicated to crafting.",,,,,,,,,,,,,
skillMeleeSkills,progression,Skill,,,,Melee Skills,,,,,,,,,,,,,
skillMeleeSkillsDesc,progression,Skill,,,,"Melee Skills is a grouping of skills dedicated towards melee combat. Your damage will improve as you level them up.",,,,,,,,,,,,,
skillMeleeSkillsName,progression,Skill,,,,Melee Skills,,,,,,,,,,,,,
skillRangedSkills,progression,Skill,,,,Ranged Skills,,,,,,,,,,,,,
skillRangedSkillsName,progression,Skill,,,,Ranged Skills,,,,,,,,,,,,,
skillRangedSkillsDesc,progression,Skill,,,,"Ranged Skills is a grouping of skills dedicated towards ranged combat. Your handling and damage will improve as you level them up.",,,,,,,,,,,,,
skillMentalSkills,progression,Skill,,,,Mental Skills,,,,,,,,,,,,,
skillMentalSkillsName,progression,Skill,,,,Mental Skills,,,,,,,,,,,,,
skillMentalSkillDesc,progression,Skill,,,,"Mental Skills is a grouping of skills related to the brain.",,,,,,,,,,,,,
skillPhysicalSkills,progression,Skill,,,,Physical Skills,,,,,,,,,,,,,
skillPhysicalSkillsName,progression,Skill,,,,Physical Skills,,,,,,,,,,,,,
skillPhysicalSkillsDesc,progression,Skill,,,,"Physical Skills is a grouping of skills related to your body.",,,,,,,,,,,,,
skillResourceSkills,progression,Skill,,,,Resource Skills,,,,,,,,,,,,,
skillResourceSkillsName,progression,Skill,,,,Resource Skills,,,,,,,,,,,,,
skillResourceSkillsDesc,progression,Skill,,,,"Resource Skills is a grouping of skills dedicated to resource collection.",,,,,,,,,,,,,
skillGeneralMeleePerks,progression,Skill,,,,General Melee Perks,,,,,,,,,,,,,
skillGeneralMeleePerksName,progression,Skill,,,,General Melee Perks,,,,,,,,,,,,,
skillGeneralMeleePerksDesc,progression,Skill,,,,General Melee Perks,,,,,,,,,,,,,
skillBluntPerks,progression,Skill,,,,Blunt Melee Perks,,,,,,,,,,,,,
skillBluntPerksName,progression,Skill,,,,Blunt Melee Perks,,,,,,,,,,,,,
skillBluntPerksDesc,progression,Skill,,,,Blunt Melee Perks,,,,,,,,,,,,,
skillBladePerks,progression,Skill,,,,Blade Melee Perks,,,,,,,,,,,,,
skillBladePerksName,progression,Skill,,,,Blade Melee Perks,,,,,,,,,,,,,
skillBladePerksDesc,progression,Skill,,,,Blade Melee Perks,,,,,,,,,,,,,
skillPiercingPerks,progression,Skill,,,,Piercing Melee Perks,,,,,,,,,,,,,
skillPiercingPerksName,progression,Skill,,,,Piercing Melee Perks,,,,,,,,,,,,,
skillPiercingPerksDesc,progression,Skill,,,,Piercing Melee Perks,,,,,,,,,,,,,
skillGeneralRangedPerks,progression,Skill,,,,General Ranged Perks,,,,,,,,,,,,,
skillGeneralRangedPerksName,progression,Skill,,,,General Ranged Perks,,,,,,,,,,,,,
skillGeneralRangedPerksDesc,progression,Skill,,,,General Ranged Perks,,,,,,,,,,,,,
skillPistolPerks,progression,Skill,,,,Pistol Perks,,,,,,,,,,,,,
skillPistolPerksName,progression,Skill,,,,Pistol Perks,,,,,,,,,,,,,
skillPistolPerksDesc,progression,Skill,,,,Pistol Perks,,,,,,,,,,,,,
skillShotgunPerks,progression,Skill,,,,Shotgun Perks,,,,,,,,,,,,,
skillShotgunPerksName,progression,Skill,,,,Shotgun Perks,,,,,,,,,,,,,
skillShotgunPerksDesc,progression,Skill,,,,Shotgun Perks,,,,,,,,,,,,,
skillRiflePerks,progression,Skill,,,,Rifle Perks,,,,,,,,,,,,,
skillRiflePerksName,progression,Skill,,,,"Rifle Perks [Scroll Down To See More]",,,,,,,,,,,,,
skillRiflePerksDesc,progression,Skill,,,,Rifle Perks,,,,,,,,,,,,,
skillAutoRiflePerks,progression,Skill,,,,Auto Rifle Perks,,,,,,,,,,,,,
skillAutoRiflePerksName,progression,Skill,,,,Auto Rifle Perks,,,,,,,,,,,,,
skillAutoRiflePerksDesc,progression,Skill,,,,Auto Rifle Perks,,,,,,,,,,,,,
skillArcheryPerks,progression,Skill,,,,Archery Perks,,,,,,,,,,,,,
skillArcheryPerksName,progression,Skill,,,,Archery Perks,,,,,,,,,,,,,
skillArcheryPerksDesc,progression,Skill,,,,Archery Perks,,,,,,,,,,,,,
skillGeneralPhysicalPerks,progression,Skill,,,,General Physical Perks,,,,,,,,,,,,,
skillGeneralPhysicalPerksName,progression,Skill,,,,General Physical Perks,,,,,,,,,,,,,
skillGeneralPhysicalPerksDesc,progression,Skill,,,,General Physical Perks,,,,,,,,,,,,,
skillArmorPerks,progression,Skill,,,,Armor Perks,,,,,,,,,,,,,
skillArmorPerksName,progression,Skill,,,,Armor Perks,,,,,,,,,,,,,
skillArmorPerksDesc,progression,Skill,,,,Armor Perks,,,,,,,,,,,,,
skillStealthPerks,progression,Skill,,,,Stealth Perks,,,,,,,,,,,,,
skillStealthPerksName,progression,Skill,,,,Stealth Perks,,,,,,,,,,,,,
skillStealthPerksDesc,progression,Skill,,,,Stealth Perks,,,,,,,,,,,,,
skillSurvivalismPerks,progression,Skill,,,,Survivalism Perks,,,,,,,,,,,,,
skillSurvivalismPerksName,progression,Skill,,,,Survivalism Perks,,,,,,,,,,,,,
skillSurvivalismPerksDesc,progression,Skill,,,,Survivalism Perks,,,,,,,,,,,,,
skillGeneralMentalPerks,progression,Skill,,,,General Mental Perks,,,,,,,,,,,,,
skillGeneralMentalPerksName,progression,Skill,,,,General Mental Perks,,,,,,,,,,,,,
skillGeneralMentalPerksDesc,progression,Skill,,,,General Mental Perks,,,,,,,,,,,,,
skillSpeechPerks,progression,Skill,,,,Speech Perks,,,,,,,,,,,,,
skillSpeechPerksName,progression,Skill,,,,Speech Perks,,,,,,,,,,,,,
skillSpeechPerksDesc,progression,Skill,,,,Speech Perks,,,,,,,,,,,,,
skillExplosivesPerks,progression,Skill,,,,Explosives Perks,,,,,,,,,,,,,
skillExplosivesPerksName,progression,Skill,,,,Explosives Perks,,,,,,,,,,,,,
skillExplosivesPerksDesc,progression,Skill,,,,Explosives Perks,,,,,,,,,,,,,
skillRoboticsPerks,progression,Skill,,,,Robotics Perks,,,,,,,,,,,,,
skillRoboticsPerksName,progression,Skill,,,,Robotics Perks,,,,,,,,,,,,,
skillRoboticsPerksDesc,progression,Skill,,,,Robotics Perks,,,,,,,,,,,,,
skillMiningPerks,progression,Skill,,,,Mining Perks,,,,,,,,,,,,,
skillMiningPerksName,progression,Skill,,,,Mining Perks,,,,,,,,,,,,,
skillMiningPerksDesc,progression,Skill,,,,Mining Perks,,,,,,,,,,,,,
skillSalvagingPerks,progression,Skill,,,,Salvaging Perks,,,,,,,,,,,,,
skillSalvagingPerksName,progression,Skill,,,,Salvaging Perks,,,,,,,,,,,,,
skillSalvagingPerksDesc,progression,Skill,,,,Salvaging Perks,,,,,,,,,,,,,
skillScavengingPerks,progression,Skill,,,,Scavenging Perks,,,,,,,,,,,,,
skillScavengingPerksName,progression,Skill,,,,Scavenging Perks,,,,,,,,,,,,,
skillScavengingPerksDesc,progression,Skill,,,,Scavenging Perks,,,,,,,,,,,,,
skillAdvancedCraftingPerks,progression,Skill,,,,Advanced Crafting Perks,,,,,,,,,,,,,
skillAdvancedCraftingPerksName,progression,Skill,,,,Advanced Crafting Perks,,,,,,,,,,,,,
skillAdvancedCraftingPerksDesc,progression,Skill,,,,Advanced Crafting Perks,,,,,,,,,,,,,
skillMeleeCraftingPerks,progression,Skill,,,,Melee Crafting Perks,,,,,,,,,,,,,
skillMeleeCraftingPerksName,progression,Skill,,,,Melee Crafting Perks,,,,,,,,,,,,,
skillMeleeCraftingPerksDesc,progression,Skill,,,,Melee Crafting Perks,,,,,,,,,,,,,
skillRangedCraftingPerks,progression,Skill,,,,Ranged Crafting Perks,,,,,,,,,,,,,
skillRangedCraftingPerksName,progression,Skill,,,,Ranged Crafting Perks,,,,,,,,,,,,,
skillRangedCraftingPerksDesc,progression,Skill,,,,Ranged Crafting Perks,,,,,,,,,,,,,
skillAmmoCraftingPerks,progression,Skill,,,,Ammo Crafting Perks,,,,,,,,,,,,,
skillAmmoCraftingPerksName,progression,Skill,,,,Ammo Crafting Perks,,,,,,,,,,,,,
skillAmmoCraftingPerksDesc,progression,Skill,,,,Ammo Crafting Perks,,,,,,,,,,,,,
skillMiscCraftingPerks,progression,Skill,,,,Misc Crafting Perks,,,,,,,,,,,,,
skillMiscCraftingPerksName,progression,Skill,,,,"Misc Crafting Perks [Scroll Down To See More]",,,,,,,,,,,,,
skillMiscCraftingPerksDesc,progression,Skill,,,,Misc Crafting Perks,,,,,,,,,,,,,
izpActionBluntWeaponsName,progression,perk,,x,,Blunt Weapons,,,,,,,,,,,,,
izpActionBluntWeaponsSkill,progression,perk,,x,,Blunt Weapons,,,,,,,,,,,,,
izpActionBluntWeaponsDesc,progression,perk,,x,,"Clubs, Hammers, Wrenches, Batons, Knuckles or anything else you can crush a skull with. Higher levels mean being able to do more damage with blunt weapons.",,,,,,,,,,,,,
izpActionBluntWeaponsRankDesc,progression,perk,,x,,+ 0.5% Damage With Blunt Weapons,,,,,,,,,,,,,
izpActionBluntWeaponsRank1Desc,progression,perk,,x,,Level By Killing Enemies With Blunt,,,,,,,,,,,,,
izpActionBluntWeaponsRank1LongDesc,progression,perk,,x,,Level by killing enemies with any blunt object or reading Big Hitters skill magazines.,,,,,,,,,,,,,
izpActionBluntWeaponsRankLongDesc,progression,perk,,x,,+ 0.5% Damage with blunt weapons. Max: 100/100 with +50% damage.,,,,,,,,,,,,,
izpActionBladeWeaponsName,progression,perk,,x,,Bladed Weapons,,,,,,,,,,,,,
izpActionBladeWeaponsSkill,progression,perk,,x,,Bladed Weapons,,,,,,,,,,,,,
izpActionBladeWeaponsDesc,progression,perk,,x,,"Knives, Machetes, Axes or anything else you can slash, rip and tear someone open with. Higher levels mean being able to do more damage with bladed weapons.",,,,,,,,,,,,,
izpActionBladeWeaponsRank1Desc,progression,perk,,x,,Level By Killing Enemies With Blades,,,,,,,,,,,,,
izpActionBladeWeaponsRank1LongDesc,progression,perk,,x,,Level by killing enemies with bladed weapons or reading Knife Guy skill magazines.,,,,,,,,,,,,,
izpActionBladeWeaponsRankDesc,progression,perk,,x,,+ 0.5% Damage With Bladed Weapons,,,,,,,,,,,,,
izpActionBladeWeaponsRankLongDesc,progression,perk,,x,,+ 0.5% Damage with bladed weapons. Max: 100/100 with +50% damage.,,,,,,,,,,,,,
izpActionPiercingWeaponsName,progression,perk,,x,,Piercing Weapons,,,,,,,,,,,,,
izpActionPiercingWeaponsSkill,progression,perk,,x,,Piercing Weapons,,,,,,,,,,,,,
izpActionPiercingWeaponsDesc,progression,perk,,x,,"Spears, Pickaxes, Shovels or anything else you can skewer someone with. Higher levels mean being able to do more damage with piercing weapons.",,,,,,,,,,,,,
izpActionPiercingWeaponsRankDesc,progression,perk,,x,,+ 0.5% Damage With Piercing Weapons,,,,,,,,,,,,,
izpActionPiercingWeaponsRankLongDesc,progression,perk,,x,,+ 0.5% Damage with piercing weapons. Max: 100/100 with +50% damage.,,,,,,,,,,,,,
izpActionPiercingWeaponsRank1Desc,progression,perk,,x,,Level By Killing Enemies With Piercing,,,,,,,,,,,,,
izpActionPiercingWeaponsRank1LongDesc,progression,perk,,x,,Level by killing enemies with piercing weapons or reading Sharp Sticks skill magazines.,,,,,,,,,,,,,
izpActionArcheryName,progression,perk,,x,,Archery,,,,,,,,,,,,,
izpActionArcherySkill,progression,perk,,x,,Archery,,,,,,,,,,,,,
izpActionArcheryDesc,progression,perk,,x,,"Bows and crossbows, tried and true. Silent but deadly...no wait not like that. Higher levels mean being able to do more damage with bows and crossbows.",,,,,,,,,,,,,
izpActionArcheryRankDesc,progression,perk,,x,,+ 0.5% Damage,,,,,,,,,,,,,
izpActionArcheryRankLongDesc,progression,perk,,x,,+ 0.5% Damage with bows and crossbows. Max: 100/100 with +50% damage.,,,,,,,,,,,,,
izpActionArcheryRank1Desc,progression,perk,,x,,Level By Killing Enemies With Archery,,,,,,,,,,,,,
izpActionArcheryRank1LongDesc,progression,perk,,x,,Level by hitting and killing enemies with archery or reading Bow Hunter skill magazines.,,,,,,,,,,,,,
izpActionPistolsName,progression,perk,,x,,Pistols,,,,,,,,,,,,,
izpActionPistolsSkill,progression,perk,,x,,Pistols,,,,,,,,,,,,,
izpActionPistolsDesc,progression,perk,,x,,"Handguns and Submachine Guns. You don't need heavy weapons when you have real talent like yours. Higher levels mean being able to do more damage with handguns and SMGs.",,,,,,,,,,,,,
izpActionPistolsRankDesc,progression,perk,,x,,"+ 0.5% Damage, -0.25% Less Recoil",,,,,,,,,,,,,
izpActionPistolsRankLongDesc,progression,perk,,x,,"+ 0.5% Damage, -0.25% Less Recoil With Handguns and SMGs. Max: 100/100 with +50% damage and 25% recoil.",,,,,,,,,,,,,
izpActionPistolsRank1Desc,progression,perk,,x,,Level By Killing Enemies With Pistols,,,,,,,,,,,,,
izpActionPistolsRank1LongDesc,progression,perk,,x,,Level by hitting and killing enemies with pistols or reading Handgun skill magazines.,,,,,,,,,,,,,
izpActionShotgunsName,progression,perk,,x,,Shotguns,,,,,,,,,,,,,
izpActionShotgunsSkill,progression,perk,,x,,Shotguns,,,,,,,,,,,,,
izpActionShotgunsDesc,progression,perk,,x,,"Shotguns and Zombies. They go together like Bacon and Eggs. Higher levels mean being able to do more damage with shotguns.",,,,,,,,,,,,,
izpActionShotgunsRankDesc,progression,perk,,x,,"+ 0.5% Damage, + 0.3% Reload Speed",,,,,,,,,,,,,
izpActionShotgunsRankLongDesc,progression,perk,,x,,"+ 0.5% Damage, + 0.3% Reload Speed with Shotguns. Max: 100/100 with +50% damage, +30% reload speed.",,,,,,,,,,,,,
izpActionShotgunsRank1Desc,progression,perk,,x,,Level By Killing Enemies With Shotguns,,,,,,,,,,,,,
izpActionShotgunsRank1LongDesc,progression,perk,,x,,Level by hitting and killing enemies with shotguns or reading Shotgun Weekly skill magazines.,,,,,,,,,,,,,
izpActionRiflesName,progression,perk,,x,,Rifles,,,,,,,,,,,,,
izpActionRiflesSkill,progression,perk,,x,,Rifles,,,,,,,,,,,,,
izpActionRiflesDesc,progression,perk,,x,,"Rifles. High Risk. High Reward. Don't Miss. Higher levels mean being able to do more damage with Hunting, Lever Action and Sniper Rifles.",,,,,,,,,,,,,
izpActionRiflesRankDesc,progression,perk,,x,,"+ 0.5% Damage, + 0.3% Reload Speed",,,,,,,,,,,,,
izpActionRiflesRankLongDesc,progression,perk,,x,,"+ 0.5% Damage, + 0.3% Reload Speed With Hunting, Lever Action and Sniper Rifles. Max: 100/100 with +50% damage, +30% reload speed.",,,,,,,,,,,,,
izpActionRiflesRank1Desc,progression,perk,,x,,Level By Killing Enemies With Rifles,,,,,,,,,,,,,
izpActionRiflesRank1LongDesc,progression,perk,,x,,Level by hitting and killing enemies with rifles or reading Rifle World skill magazines.,,,,,,,,,,,,,
izpActionAutomaticRiflesName,progression,perk,,x,,Automatic Rifles,,,,,,,,,,,,,
izpActionAutomaticRiflesSkill,progression,perk,,x,,Automatic Rifles,,,,,,,,,,,,,
izpActionAutomaticRiflesDesc,progression,perk,,x,,Better Lead Than Dead...Whatever That Means. Higher levels mean being able to do more damage with Automatic Rifles.,,,,,,,,,,,,,
izpActionAutomaticRiflesRankDesc,progression,perk,,x,,+ 0.5% Damage,,,,,,,,,,,,,
izpActionAutomaticRiflesRankLongDesc,progression,perk,,x,,+ 0.5% Damage. Max: 100/100 with +50% damage.,,,,,,,,,,,,,
izpActionAutomaticRiflesRank1Desc,progression,perk,,x,,Level By Killing Enemies With Automatic Rifles,,,,,,,,,,,,,
izpActionAutomaticRiflesRank1LongDesc,progression,perk,,x,,Level by hitting and killing enemies with automatic rifles or reading Tactical Warfare skill magazines.,,,,,,,,,,,,,
izpActionArmorName,progression,perk,,x,,Armor,,,,,,,,,,,,,
izpActionArmorSkill,progression,perk,,x,,Armor,,,,,,,,,,,,,
izpActionArmorDesc,progression,perk,,x,,"Whether it's heavy metal, padded leather or light clothing, this skill makes you better at wearing it. Higher levels mean reduced armor degradation.",,,,,,,,,,,,,
izpActionArmorRankDesc,progression,perk,,x,,0.6% Less Armor Degradation,,,,,,,,,,,,,
izpActionArmorRankLongDesc,progression,perk,,x,,Use 60% less durability per hit taken. Max: 60% Less Armor Degradation.,,,,,,,,,,,,,
izpActionArmorRank1Desc,progression,perk,,x,,Level By Using Armor,,,,,,,,,,,,,
izpActionArmorRank1LongDesc,progression,perk,,x,,"Level by taking damage, or moving while wearing at least one piece of armor or reading Armored Up skill magazines.",,,,,,,,,,,,,
izpActionAthleticsName,progression,perk,,x,,Athletics,,,,,,,,,,,,,
izpActionAthleticsSkill,progression,perk,,x,,Athletics,,,,,,,,,,,,,
izpActionAthleticsDesc,progression,perk,,x,,"Always remember, Rule #1: Cardio. Higher levels mean being able to run for longer and have more overall stamina.",,,,,,,,,,,,,
izpActionAthleticsRankDesc,progression,perk,,x,,+ 0.25% Stamina Regen While Running + 0.25 Stamina,,,,,,,,,,,,,
izpActionAthleticsRankLongDesc,progression,perk,,x,,"+0.25% stamina regeneration while sprinting, allowing you to run for longer. +0.25 Stamina. Max: 100/100 with +25% stamina regen +25 Stamina",,,,,,,,,,,,,
izpActionAthleticsRank1Desc,progression,perk,,x,,Level By Moving,,,,,,,,,,,,,
izpActionAthleticsRank1LongDesc,progression,perk,,x,,"Level by running, jumping or swimming or reading Health Nut skill magazines.",,,,,,,,,,,,,
izpActionSurvivalismName,progression,perk,,x,,Survivalism,,,,,,,,,,,,,
izpActionSurvivalismSkill,progression,perk,,x,,Survivalism,,,,,,,,,,,,,
izpActionSurvivalismDesc,progression,perk,,x,,"Survivalism allows you to manage your food and water more efficiently. Higher levels mean using less food and water to restore stamina.",,,,,,,,,,,,,
izpActionSurvivalismRankDesc,progression,perk,,x,,-0.25% Less Food and Water Used,,,,,,,,,,,,,
izpActionSurvivalismRankLongDesc,progression,perk,,x,,"-0.25% Less Food and Water used to restore each point of stamina, Max: 100/100 with 25% less food and water used.",,,,,,,,,,,,,
izpActionSurvivalismRank1Desc,progression,perk,,x,,"Level By Skinning Animals, Harvesting Plants and Eating/Drinking.",,,,,,,,,,,,,
izpActionSurvivalismRank1LongDesc,progression,perk,,x,,"Level by eating or drinking food and water, skinning animals, harvesting plants or reading Home Cooking Weekly or Southern Farming skill magazines.",,,,,,,,,,,,,
izpActionBarterName,progression,perk,,x,,Speech,,,,,,,,,,,,,
izpActionBarterSkill,progression,perk,,x,,Speech,,,,,,,,,,,,,
izpActionBarterDesc,progression,perk,,x,,"Speech allows you to negotiate better prices at the trader. Higher levels mean more Dukes for things you sell and paying less Dukes for things you buy.",,,,,,,,,,,,,
izpActionBarterRankDesc,progression,perk,,x,,+ 0.25% Better Deals at The Trader,,,,,,,,,,,,,
izpActionBarterRankLongDesc,progression,perk,,x,,"+ 0.25% better deals at the trader when buying and selling, Max: 100/100 with 25% better deals.",,,,,,,,,,,,,
izpActionBarterRank1Desc,progression,perk,,x,,Level By Reading Business Secrets Magazines,,,,,,,,,,,,,
izpActionBarterRank1LongDesc,progression,perk,,x,,"Level by reading Business Secrets skill magazines or investing skill points. NOTE: Additional Levelling Methods In Development",,,,,,,,,,,,,
izpActionScienceName,progression,perk,,x,,Science,,,,,,,,,,,,,
izpActionScienceSkill,progression,perk,,x,,Science,,,,,,,,,,,,,
izpActionScienceDesc,progression,perk,,x,,"Science is a measure of your aptitude in physics, biology, chemistry and medicine. Higher levels mean crafting chemical items like medicine and gunpowder faster.",,,,,,,,,,,,,
izpActionScienceRankDesc,progression,perk,,x,,+ 0.25% Faster Chemical Crafting,,,,,,,,,,,,,
izpActionScienceRankLongDesc,progression,perk,,x,,"+ 0.25% faster chemical crafting. Max: 100/100 with 25% faster crafting.",,,,,,,,,,,,,
izpActionScienceRank1Desc,progression,perk,,x,,Level By Using Medical Items and Drugs,,,,,,,,,,,,,
izpActionScienceRank1LongDesc,progression,perk,,x,,"Level by using Medical Items and drugs on yourself and others or reading Medical Journal or Wiring 101 skill magazines.\n\nAlso levels slightly by using salvage tools. NOTE: Additional Levelling Methods In Development",,,,,,,,,,,,,
izpActionEngineeringName,progression,perk,,x,,Engineering,,,,,,,,,,,,,
izpActionEngineeringSkill,progression,perk,,x,,Engineering,,,,,,,,,,,,,
izpActionEngineeringDesc,progression,perk,,x,,"Engineering is a measure of your efficiency at crafting things. Higher levels mean crafting in your inventory, at your workbench or cement mixer faster.",,,,,,,,,,,,,
izpActionEngineeringRankDesc,progression,perk,,x,,+ 0.25% Faster Crafting,,,,,,,,,,,,,
izpActionEngineeringRankLongDesc,progression,perk,,x,,"+ 0.25% faster crafting in your inventory, workbench and cement mixer. Max: 100/100 with 25% faster crafting.",,,,,,,,,,,,,
izpActionEngineeringRank1Desc,progression,perk,,x,,Level By Upgrading and Repairing Blocks,,,,,,,,,,,,,
izpActionEngineeringRank1LongDesc,progression,perk,,x,,"Level by upgrading or repairing blocks or reading Forge Ahead or Handy Land skill magazines. \n\nAlso levels slightly by using salvage tools.",,,,,,,,,,,,,
izpActionMiningName,progression,perk,,x,,Mining,,,,,,,,,,,,,
izpActionMiningSkill,progression,perk,,x,,Mining,,,,,,,,,,,,,
izpActionMiningDesc,progression,perk,,x,,"Mining is a measure of your efficiency at mining blocks. Higher levels mean doing more block damage and collecting more resources with mining tools.",,,,,,,,,,,,,
izpActionMiningRankDesc,progression,perk,,x,,"+ 1% Block Damage, + 0.5% Harvest Yield",,,,,,,,,,,,,
izpActionMiningRankLongDesc,progression,perk,,x,,"+ 1% block damage, + 0.5% harvest yield with mining tools. Max: 100/100 with 100% more block damage and 50% more harvest yield.",,,,,,,,,,,,,
izpActionMiningRank1Desc,progression,perk,,x,,Level By Mining,,,,,,,,,,,,,
izpActionMiningRank1LongDesc,progression,perk,,x,,Level by mining blocks with mining tools or reading Tools Digest skill magazines.,,,,,,,,,,,,,
izpActionSalvagingName,progression,perk,,x,,Salvaging,,,,,,,,,,,,,
izpActionSalvagingSkill,progression,perk,,x,,Salvaging,,,,,,,,,,,,,
izpActionSalvagingDesc,progression,perk,,x,,"Salvaging is a measure of your efficiency at salvaging blocks. Higher levels mean doing more block damage and collecting more resources with salvaging tools.",,,,,,,,,,,,,
izpActionSalvagingRankDesc,progression,perk,,x,,"+ 1% Block Damage, + 0.5% Harvest Yield",,,,,,,,,,,,,
izpActionSalvagingRankLongDesc,progression,perk,,x,,"+ 1% block damage, + 0.5% harvest yield with salvaging tools. Max: 100/100 with 100% more block damage and 50% more harvest yield.",,,,,,,,,,,,,
izpActionSalvagingRank1Desc,progression,perk,,x,,Level By Salvaging,,,,,,,,,,,,,
izpActionSalvagingRank1LongDesc,progression,perk,,x,,Level by salvaging blocks with salvaging tools or reading Scrapping 4 Fun skill magazines.,,,,,,,,,,,,,
izpActionScavengingName,progression,perk,,x,,Scavenging,,,,,,,,,,,,,
izpActionScavengingSkill,progression,perk,,x,,Scavenging,,,,,,,,,,,,,
izpActionScavengingDesc,progression,perk,,x,,"Scavenging is a measure of your efficiency at looting. Higher levels mean looting faster and finding better loot.",,,,,,,,,,,,,
izpActionScavengingRankDesc,progression,perk,,x,,"+ 0.25% Loot Stage, - 0.5% Looting Time",,,,,,,,,,,,,
izpActionScavengingRankLongDesc,progression,perk,,x,,"+ 0.25% Loot Stage, - 0.5% Looting Time. Max: 100/100 with 25% more lootstage and 50% faster looting.",,,,,,,,,,,,,
izpActionScavengingRank1Desc,progression,perk,,x,,Level By Looting,,,,,,,,,,,,,
izpActionScavengingRank1LongDesc,progression,perk,,x,,Level by looting containers or reading Super Shopper skill magazines.,,,,,,,,,,,,,
reqBlunt5,UI,Tooltip,,,,Requires Level 5 Blunt,,,,,,,,,,,,,
reqBlunt10,UI,Tooltip,,,,Requires Level 10 Blunt,,,,,,,,,,,,,
reqBlunt15,UI,Tooltip,,,,Requires Level 15 Blunt,,,,,,,,,,,,,
reqBlunt20,UI,Tooltip,,,,Requires Level 20 Blunt,,,,,,,,,,,,,
reqBlunt25,UI,Tooltip,,,,Requires Level 25 Blunt,,,,,,,,,,,,,
reqBlunt30,UI,Tooltip,,,,Requires Level 30 Blunt,,,,,,,,,,,,,
reqBlunt35,UI,Tooltip,,,,Requires Level 35 Blunt,,,,,,,,,,,,,
reqBlunt40,UI,Tooltip,,,,Requires Level 40 Blunt,,,,,,,,,,,,,
reqBlunt45,UI,Tooltip,,,,Requires Level 45 Blunt,,,,,,,,,,,,,
reqBlunt50,UI,Tooltip,,,,Requires Level 50 Blunt,,,,,,,,,,,,,
reqBlunt55,UI,Tooltip,,,,Requires Level 55 Blunt,,,,,,,,,,,,,
reqBlunt60,UI,Tooltip,,,,Requires Level 60 Blunt,,,,,,,,,,,,,
reqBlunt65,UI,Tooltip,,,,Requires Level 65 Blunt,,,,,,,,,,,,,
reqBlunt70,UI,Tooltip,,,,Requires Level 70 Blunt,,,,,,,,,,,,,
reqBlunt75,UI,Tooltip,,,,Requires Level 75 Blunt,,,,,,,,,,,,,
reqBlunt80,UI,Tooltip,,,,Requires Level 80 Blunt,,,,,,,,,,,,,
reqBlunt85,UI,Tooltip,,,,Requires Level 85 Blunt,,,,,,,,,,,,,
reqBlunt90,UI,Tooltip,,,,Requires Level 90 Blunt,,,,,,,,,,,,,
reqBlunt95,UI,Tooltip,,,,Requires Level 95 Blunt,,,,,,,,,,,,,
reqBlunt100,UI,Tooltip,,,,Requires Level 100 Blunt,,,,,,,,,,,,,
reqBlade5,UI,Tooltip,,,,Requires Level 5 Blade,,,,,,,,,,,,,
reqBlade10,UI,Tooltip,,,,Requires Level 10 Blade,,,,,,,,,,,,,
reqBlade15,UI,Tooltip,,,,Requires Level 15 Blade,,,,,,,,,,,,,
reqBlade20,UI,Tooltip,,,,Requires Level 20 Blade,,,,,,,,,,,,,
reqBlade25,UI,Tooltip,,,,Requires Level 25 Blade,,,,,,,,,,,,,
reqBlade30,UI,Tooltip,,,,Requires Level 30 Blade,,,,,,,,,,,,,
reqBlade35,UI,Tooltip,,,,Requires Level 35 Blade,,,,,,,,,,,,,
reqBlade40,UI,Tooltip,,,,Requires Level 40 Blade,,,,,,,,,,,,,
reqBlade45,UI,Tooltip,,,,Requires Level 45 Blade,,,,,,,,,,,,,
reqBlade50,UI,Tooltip,,,,Requires Level 50 Blade,,,,,,,,,,,,,
reqBlade55,UI,Tooltip,,,,Requires Level 55 Blade,,,,,,,,,,,,,
reqBlade60,UI,Tooltip,,,,Requires Level 60 Blade,,,,,,,,,,,,,
reqBlade65,UI,Tooltip,,,,Requires Level 65 Blade,,,,,,,,,,,,,
reqBlade70,UI,Tooltip,,,,Requires Level 70 Blade,,,,,,,,,,,,,
reqBlade75,UI,Tooltip,,,,Requires Level 75 Blade,,,,,,,,,,,,,
reqBlade80,UI,Tooltip,,,,Requires Level 80 Blade,,,,,,,,,,,,,
reqBlade85,UI,Tooltip,,,,Requires Level 85 Blade,,,,,,,,,,,,,
reqBlade90,UI,Tooltip,,,,Requires Level 90 Blade,,,,,,,,,,,,,
reqBlade95,UI,Tooltip,,,,Requires Level 95 Blade,,,,,,,,,,,,,
reqBlade100,UI,Tooltip,,,,Requires Level 100 Blade,,,,,,,,,,,,,
reqAthletics5,UI,Tooltip,,,,Requires Level 5 Athletics,,,,,,,,,,,,,
reqAthletics10,UI,Tooltip,,,,Requires Level 10 Athletics,,,,,,,,,,,,,
reqAthletics15,UI,Tooltip,,,,Requires Level 15 Athletics,,,,,,,,,,,,,
reqAthletics20,UI,Tooltip,,,,Requires Level 20 Athletics,,,,,,,,,,,,,
reqAthletics25,UI,Tooltip,,,,Requires Level 25 Athletics,,,,,,,,,,,,,
reqAthletics30,UI,Tooltip,,,,Requires Level 30 Athletics,,,,,,,,,,,,,
reqAthletics35,UI,Tooltip,,,,Requires Level 35 Athletics,,,,,,,,,,,,,
reqAthletics40,UI,Tooltip,,,,Requires Level 40 Athletics,,,,,,,,,,,,,
reqAthletics45,UI,Tooltip,,,,Requires Level 45 Athletics,,,,,,,,,,,,,
reqAthletics50,UI,Tooltip,,,,Requires Level 50 Athletics,,,,,,,,,,,,,
reqAthletics55,UI,Tooltip,,,,Requires Level 55 Athletics,,,,,,,,,,,,,
reqAthletics60,UI,Tooltip,,,,Requires Level 60 Athletics,,,,,,,,,,,,,
reqAthletics65,UI,Tooltip,,,,Requires Level 65 Athletics,,,,,,,,,,,,,
reqAthletics70,UI,Tooltip,,,,Requires Level 70 Athletics,,,,,,,,,,,,,
reqAthletics75,UI,Tooltip,,,,Requires Level 75 Athletics,,,,,,,,,,,,,
reqAthletics80,UI,Tooltip,,,,Requires Level 80 Athletics,,,,,,,,,,,,,
reqAthletics85,UI,Tooltip,,,,Requires Level 85 Athletics,,,,,,,,,,,,,
reqAthletics90,UI,Tooltip,,,,Requires Level 90 Athletics,,,,,,,,,,,,,
reqAthletics95,UI,Tooltip,,,,Requires Level 95 Athletics,,,,,,,,,,,,,
reqAthletics100,UI,Tooltip,,,,Requires Level 100 Athletics,,,,,,,,,,,,,
reqPierce5,UI,Tooltip,,,,Requires Level 5 Pierce,,,,,,,,,,,,,
reqPierce10,UI,Tooltip,,,,Requires Level 10 Pierce,,,,,,,,,,,,,
reqPierce15,UI,Tooltip,,,,Requires Level 15 Pierce,,,,,,,,,,,,,
reqPierce20,UI,Tooltip,,,,Requires Level 20 Pierce,,,,,,,,,,,,,
reqPierce25,UI,Tooltip,,,,Requires Level 25 Pierce,,,,,,,,,,,,,
reqPierce30,UI,Tooltip,,,,Requires Level 30 Pierce,,,,,,,,,,,,,
reqPierce35,UI,Tooltip,,,,Requires Level 35 Pierce,,,,,,,,,,,,,
reqPierce40,UI,Tooltip,,,,Requires Level 40 Pierce,,,,,,,,,,,,,
reqPierce45,UI,Tooltip,,,,Requires Level 45 Pierce,,,,,,,,,,,,,
reqPierce50,UI,Tooltip,,,,Requires Level 50 Pierce,,,,,,,,,,,,,
reqPierce55,UI,Tooltip,,,,Requires Level 55 Pierce,,,,,,,,,,,,,
reqPierce60,UI,Tooltip,,,,Requires Level 60 Pierce,,,,,,,,,,,,,
reqPierce65,UI,Tooltip,,,,Requires Level 65 Pierce,,,,,,,,,,,,,
reqPierce70,UI,Tooltip,,,,Requires Level 70 Pierce,,,,,,,,,,,,,
reqPierce75,UI,Tooltip,,,,Requires Level 75 Pierce,,,,,,,,,,,,,
reqPierce80,UI,Tooltip,,,,Requires Level 80 Pierce,,,,,,,,,,,,,
reqPierce85,UI,Tooltip,,,,Requires Level 85 Pierce,,,,,,,,,,,,,
reqPierce90,UI,Tooltip,,,,Requires Level 90 Pierce,,,,,,,,,,,,,
reqPierce95,UI,Tooltip,,,,Requires Level 95 Pierce,,,,,,,,,,,,,
reqPierce100,UI,Tooltip,,,,Requires Level 100 Pierce,,,,,,,,,,,,,
reqArchery5,UI,Tooltip,,,,Requires Level 5 Archery,,,,,,,,,,,,,
reqArchery10,UI,Tooltip,,,,Requires Level 10 Archery,,,,,,,,,,,,,
reqArchery15,UI,Tooltip,,,,Requires Level 15 Archery,,,,,,,,,,,,,
reqArchery20,UI,Tooltip,,,,Requires Level 20 Archery,,,,,,,,,,,,,
reqArchery25,UI,Tooltip,,,,Requires Level 25 Archery,,,,,,,,,,,,,
reqArchery30,UI,Tooltip,,,,Requires Level 30 Archery,,,,,,,,,,,,,
reqArchery35,UI,Tooltip,,,,Requires Level 35 Archery,,,,,,,,,,,,,
reqArchery40,UI,Tooltip,,,,Requires Level 40 Archery,,,,,,,,,,,,,
reqArchery45,UI,Tooltip,,,,Requires Level 45 Archery,,,,,,,,,,,,,
reqArchery50,UI,Tooltip,,,,Requires Level 50 Archery,,,,,,,,,,,,,
reqArchery55,UI,Tooltip,,,,Requires Level 55 Archery,,,,,,,,,,,,,
reqArchery60,UI,Tooltip,,,,Requires Level 60 Archery,,,,,,,,,,,,,
reqArchery65,UI,Tooltip,,,,Requires Level 65 Archery,,,,,,,,,,,,,
reqArchery70,UI,Tooltip,,,,Requires Level 70 Archery,,,,,,,,,,,,,
reqArchery75,UI,Tooltip,,,,Requires Level 75 Archery,,,,,,,,,,,,,
reqArchery80,UI,Tooltip,,,,Requires Level 80 Archery,,,,,,,,,,,,,
reqArchery85,UI,Tooltip,,,,Requires Level 85 Archery,,,,,,,,,,,,,
reqArchery90,UI,Tooltip,,,,Requires Level 90 Archery,,,,,,,,,,,,,
reqArchery95,UI,Tooltip,,,,Requires Level 95 Archery,,,,,,,,,,,,,
reqArchery100,UI,Tooltip,,,,Requires Level 100 Archery,,,,,,,,,,,,,
reqPistols5,UI,Tooltip,,,,Requires Level 5 Pistols,,,,,,,,,,,,,
reqPistols10,UI,Tooltip,,,,Requires Level 10 Pistols,,,,,,,,,,,,,
reqPistols15,UI,Tooltip,,,,Requires Level 15 Pistols,,,,,,,,,,,,,
reqPistols20,UI,Tooltip,,,,Requires Level 20 Pistols,,,,,,,,,,,,,
reqPistols25,UI,Tooltip,,,,Requires Level 25 Pistols,,,,,,,,,,,,,
reqPistols30,UI,Tooltip,,,,Requires Level 30 Pistols,,,,,,,,,,,,,
reqPistols35,UI,Tooltip,,,,Requires Level 35 Pistols,,,,,,,,,,,,,
reqPistols40,UI,Tooltip,,,,Requires Level 40 Pistols,,,,,,,,,,,,,
reqPistols45,UI,Tooltip,,,,Requires Level 45 Pistols,,,,,,,,,,,,,
reqPistols50,UI,Tooltip,,,,Requires Level 50 Pistols,,,,,,,,,,,,,
reqPistols55,UI,Tooltip,,,,Requires Level 55 Pistols,,,,,,,,,,,,,
reqPistols60,UI,Tooltip,,,,Requires Level 60 Pistols,,,,,,,,,,,,,
reqPistols65,UI,Tooltip,,,,Requires Level 65 Pistols,,,,,,,,,,,,,
reqPistols70,UI,Tooltip,,,,Requires Level 70 Pistols,,,,,,,,,,,,,
reqPistols75,UI,Tooltip,,,,Requires Level 75 Pistols,,,,,,,,,,,,,
reqPistols80,UI,Tooltip,,,,Requires Level 80 Pistols,,,,,,,,,,,,,
reqPistols85,UI,Tooltip,,,,Requires Level 85 Pistols,,,,,,,,,,,,,
reqPistols90,UI,Tooltip,,,,Requires Level 90 Pistols,,,,,,,,,,,,,
reqPistols95,UI,Tooltip,,,,Requires Level 95 Pistols,,,,,,,,,,,,,
reqPistols100,UI,Tooltip,,,,Requires Level 100 Pistols,,,,,,,,,,,,,
reqShotguns5,UI,Tooltip,,,,Requires Level 5 Shotguns,,,,,,,,,,,,,
reqShotguns10,UI,Tooltip,,,,Requires Level 10 Shotguns,,,,,,,,,,,,,
reqShotguns15,UI,Tooltip,,,,Requires Level 15 Shotguns,,,,,,,,,,,,,
reqShotguns20,UI,Tooltip,,,,Requires Level 20 Shotguns,,,,,,,,,,,,,
reqShotguns25,UI,Tooltip,,,,Requires Level 25 Shotguns,,,,,,,,,,,,,
reqShotguns30,UI,Tooltip,,,,Requires Level 30 Shotguns,,,,,,,,,,,,,
reqShotguns35,UI,Tooltip,,,,Requires Level 35 Shotguns,,,,,,,,,,,,,
reqShotguns40,UI,Tooltip,,,,Requires Level 40 Shotguns,,,,,,,,,,,,,
reqShotguns45,UI,Tooltip,,,,Requires Level 45 Shotguns,,,,,,,,,,,,,
reqShotguns50,UI,Tooltip,,,,Requires Level 50 Shotguns,,,,,,,,,,,,,
reqShotguns55,UI,Tooltip,,,,Requires Level 55 Shotguns,,,,,,,,,,,,,
reqShotguns60,UI,Tooltip,,,,Requires Level 60 Shotguns,,,,,,,,,,,,,
reqShotguns65,UI,Tooltip,,,,Requires Level 65 Shotguns,,,,,,,,,,,,,
reqShotguns70,UI,Tooltip,,,,Requires Level 70 Shotguns,,,,,,,,,,,,,
reqShotguns75,UI,Tooltip,,,,Requires Level 75 Shotguns,,,,,,,,,,,,,
reqShotguns80,UI,Tooltip,,,,Requires Level 80 Shotguns,,,,,,,,,,,,,
reqShotguns85,UI,Tooltip,,,,Requires Level 85 Shotguns,,,,,,,,,,,,,
reqShotguns90,UI,Tooltip,,,,Requires Level 90 Shotguns,,,,,,,,,,,,,
reqShotguns95,UI,Tooltip,,,,Requires Level 95 Shotguns,,,,,,,,,,,,,
reqShotguns100,UI,Tooltip,,,,Requires Level 100 Shotguns,,,,,,,,,,,,,
reqRifles5,UI,Tooltip,,,,Requires Level 5 Rifles,,,,,,,,,,,,,
reqRifles10,UI,Tooltip,,,,Requires Level 10 Rifles,,,,,,,,,,,,,
reqRifles15,UI,Tooltip,,,,Requires Level 15 Rifles,,,,,,,,,,,,,
reqRifles20,UI,Tooltip,,,,Requires Level 20 Rifles,,,,,,,,,,,,,
reqRifles25,UI,Tooltip,,,,Requires Level 25 Rifles,,,,,,,,,,,,,
reqRifles30,UI,Tooltip,,,,Requires Level 30 Rifles,,,,,,,,,,,,,
reqRifles35,UI,Tooltip,,,,Requires Level 35 Rifles,,,,,,,,,,,,,
reqRifles40,UI,Tooltip,,,,Requires Level 40 Rifles,,,,,,,,,,,,,
reqRifles45,UI,Tooltip,,,,Requires Level 45 Rifles,,,,,,,,,,,,,
reqRifles50,UI,Tooltip,,,,Requires Level 50 Rifles,,,,,,,,,,,,,
reqRifles55,UI,Tooltip,,,,Requires Level 55 Rifles,,,,,,,,,,,,,
reqRifles60,UI,Tooltip,,,,Requires Level 60 Rifles,,,,,,,,,,,,,
reqRifles65,UI,Tooltip,,,,Requires Level 65 Rifles,,,,,,,,,,,,,
reqRifles70,UI,Tooltip,,,,Requires Level 70 Rifles,,,,,,,,,,,,,
reqRifles75,UI,Tooltip,,,,Requires Level 75 Rifles,,,,,,,,,,,,,
reqRifles80,UI,Tooltip,,,,Requires Level 80 Rifles,,,,,,,,,,,,,
reqRifles85,UI,Tooltip,,,,Requires Level 85 Rifles,,,,,,,,,,,,,
reqRifles90,UI,Tooltip,,,,Requires Level 90 Rifles,,,,,,,,,,,,,
reqRifles95,UI,Tooltip,,,,Requires Level 95 Rifles,,,,,,,,,,,,,
reqRifles100,UI,Tooltip,,,,Requires Level 100 Rifles,,,,,,,,,,,,,
reqAutoRifles5,UI,Tooltip,,,,Requires Level 5 Automatic Rifles,,,,,,,,,,,,,
reqAutoRifles10,UI,Tooltip,,,,Requires Level 10 Automatic Rifles,,,,,,,,,,,,,
reqAutoRifles15,UI,Tooltip,,,,Requires Level 15 Automatic Rifles,,,,,,,,,,,,,
reqAutoRifles20,UI,Tooltip,,,,Requires Level 20 Automatic Rifles,,,,,,,,,,,,,
reqAutoRifles25,UI,Tooltip,,,,Requires Level 25 Automatic Rifles,,,,,,,,,,,,,
reqAutoRifles30,UI,Tooltip,,,,Requires Level 30 Automatic Rifles,,,,,,,,,,,,,
reqAutoRifles35,UI,Tooltip,,,,Requires Level 35 Automatic Rifles,,,,,,,,,,,,,
reqAutoRifles40,UI,Tooltip,,,,Requires Level 40 Automatic Rifles,,,,,,,,,,,,,
reqAutoRifles45,UI,Tooltip,,,,Requires Level 45 Automatic Rifles,,,,,,,,,,,,,
reqAutoRifles50,UI,Tooltip,,,,Requires Level 50 Automatic Rifles,,,,,,,,,,,,,
reqAutoRifles55,UI,Tooltip,,,,Requires Level 55 Automatic Rifles,,,,,,,,,,,,,
reqAutoRifles60,UI,Tooltip,,,,Requires Level 60 Automatic Rifles,,,,,,,,,,,,,
reqAutoRifles65,UI,Tooltip,,,,Requires Level 65 Automatic Rifles,,,,,,,,,,,,,
reqAutoRifles70,UI,Tooltip,,,,Requires Level 70 Automatic Rifles,,,,,,,,,,,,,
reqAutoRifles75,UI,Tooltip,,,,Requires Level 75 Automatic Rifles,,,,,,,,,,,,,
reqAutoRifles80,UI,Tooltip,,,,Requires Level 80 Automatic Rifles,,,,,,,,,,,,,
reqAutoRifles85,UI,Tooltip,,,,Requires Level 85 Automatic Rifles,,,,,,,,,,,,,
reqAutoRifles90,UI,Tooltip,,,,Requires Level 90 Automatic Rifles,,,,,,,,,,,,,
reqAutoRifles95,UI,Tooltip,,,,Requires Level 95 Automatic Rifles,,,,,,,,,,,,,
reqAutoRifles100,UI,Tooltip,,,,Requires Level 100 Automatic Rifles,,,,,,,,,,,,,
reqSpeech5,UI,Tooltip,,,,Requires Level 5 Speech,,,,,,,,,,,,,
reqSpeech10,UI,Tooltip,,,,Requires Level 10 Speech,,,,,,,,,,,,,
reqSpeech15,UI,Tooltip,,,,Requires Level 15 Speech,,,,,,,,,,,,,
reqSpeech20,UI,Tooltip,,,,Requires Level 20 Speech,,,,,,,,,,,,,
reqSpeech25,UI,Tooltip,,,,Requires Level 25 Speech,,,,,,,,,,,,,
reqSpeech30,UI,Tooltip,,,,Requires Level 30 Speech,,,,,,,,,,,,,
reqSpeech35,UI,Tooltip,,,,Requires Level 35 Speech,,,,,,,,,,,,,
reqSpeech40,UI,Tooltip,,,,Requires Level 40 Speech,,,,,,,,,,,,,
reqSpeech45,UI,Tooltip,,,,Requires Level 45 Speech,,,,,,,,,,,,,
reqSpeech50,UI,Tooltip,,,,Requires Level 50 Speech,,,,,,,,,,,,,
reqSpeech55,UI,Tooltip,,,,Requires Level 55 Speech,,,,,,,,,,,,,
reqSpeech60,UI,Tooltip,,,,Requires Level 60 Speech,,,,,,,,,,,,,
reqSpeech65,UI,Tooltip,,,,Requires Level 65 Speech,,,,,,,,,,,,,
reqSpeech70,UI,Tooltip,,,,Requires Level 70 Speech,,,,,,,,,,,,,
reqSpeech75,UI,Tooltip,,,,Requires Level 75 Speech,,,,,,,,,,,,,
reqSpeech80,UI,Tooltip,,,,Requires Level 80 Speech,,,,,,,,,,,,,
reqSpeech85,UI,Tooltip,,,,Requires Level 85 Speech,,,,,,,,,,,,,
reqSpeech90,UI,Tooltip,,,,Requires Level 90 Speech,,,,,,,,,,,,,
reqSpeech95,UI,Tooltip,,,,Requires Level 95 Speech,,,,,,,,,,,,,
reqSpeech100,UI,Tooltip,,,,Requires Level 100 Speech,,,,,,,,,,,,,
reqScience5,UI,Tooltip,,,,Requires Level 5 Science,,,,,,,,,,,,,
reqScience10,UI,Tooltip,,,,Requires Level 10 Science,,,,,,,,,,,,,
reqScience15,UI,Tooltip,,,,Requires Level 15 Science,,,,,,,,,,,,,
reqScience20,UI,Tooltip,,,,Requires Level 20 Science,,,,,,,,,,,,,
reqScience25,UI,Tooltip,,,,Requires Level 25 Science,,,,,,,,,,,,,
reqScience30,UI,Tooltip,,,,Requires Level 30 Science,,,,,,,,,,,,,
reqScience35,UI,Tooltip,,,,Requires Level 35 Science,,,,,,,,,,,,,
reqScience40,UI,Tooltip,,,,Requires Level 40 Science,,,,,,,,,,,,,
reqScience45,UI,Tooltip,,,,Requires Level 45 Science,,,,,,,,,,,,,
reqScience50,UI,Tooltip,,,,Requires Level 50 Science,,,,,,,,,,,,,
reqScience55,UI,Tooltip,,,,Requires Level 55 Science,,,,,,,,,,,,,
reqScience60,UI,Tooltip,,,,Requires Level 60 Science,,,,,,,,,,,,,
reqScience65,UI,Tooltip,,,,Requires Level 65 Science,,,,,,,,,,,,,
reqScience70,UI,Tooltip,,,,Requires Level 70 Science,,,,,,,,,,,,,
reqScience75,UI,Tooltip,,,,Requires Level 75 Science,,,,,,,,,,,,,
reqScience80,UI,Tooltip,,,,Requires Level 80 Science,,,,,,,,,,,,,
reqScience85,UI,Tooltip,,,,Requires Level 85 Science,,,,,,,,,,,,,
reqScience90,UI,Tooltip,,,,Requires Level 90 Science,,,,,,,,,,,,,
reqScience95,UI,Tooltip,,,,Requires Level 95 Science,,,,,,,,,,,,,
reqScience100,UI,Tooltip,,,,Requires Level 100 Science,,,,,,,,,,,,,
reqEngineering5,UI,Tooltip,,,,Requires Level 5 Engineering,,,,,,,,,,,,,
reqEngineering10,UI,Tooltip,,,,Requires Level 10 Engineering,,,,,,,,,,,,,
reqEngineering15,UI,Tooltip,,,,Requires Level 15 Engineering,,,,,,,,,,,,,
reqEngineering20,UI,Tooltip,,,,Requires Level 20 Engineering,,,,,,,,,,,,,
reqEngineering25,UI,Tooltip,,,,Requires Level 25 Engineering,,,,,,,,,,,,,
reqEngineering30,UI,Tooltip,,,,Requires Level 30 Engineering,,,,,,,,,,,,,
reqEngineering35,UI,Tooltip,,,,Requires Level 35 Engineering,,,,,,,,,,,,,
reqEngineering40,UI,Tooltip,,,,Requires Level 40 Engineering,,,,,,,,,,,,,
reqEngineering45,UI,Tooltip,,,,Requires Level 45 Engineering,,,,,,,,,,,,,
reqEngineering50,UI,Tooltip,,,,Requires Level 50 Engineering,,,,,,,,,,,,,
reqEngineering55,UI,Tooltip,,,,Requires Level 55 Engineering,,,,,,,,,,,,,
reqEngineering60,UI,Tooltip,,,,Requires Level 60 Engineering,,,,,,,,,,,,,
reqEngineering65,UI,Tooltip,,,,Requires Level 65 Engineering,,,,,,,,,,,,,
reqEngineering70,UI,Tooltip,,,,Requires Level 70 Engineering,,,,,,,,,,,,,
reqEngineering75,UI,Tooltip,,,,Requires Level 75 Engineering,,,,,,,,,,,,,
reqEngineering80,UI,Tooltip,,,,Requires Level 80 Engineering,,,,,,,,,,,,,
reqEngineering85,UI,Tooltip,,,,Requires Level 85 Engineering,,,,,,,,,,,,,
reqEngineering90,UI,Tooltip,,,,Requires Level 90 Engineering,,,,,,,,,,,,,
reqEngineering95,UI,Tooltip,,,,Requires Level 95 Engineering,,,,,,,,,,,,,
reqEngineering100,UI,Tooltip,,,,Requires Level 100 Engineering,,,,,,,,,,,,,
reqArmor5,UI,Tooltip,,,,Requires Level 5 Armor,,,,,,,,,,,,,
reqArmor10,UI,Tooltip,,,,Requires Level 10 Armor,,,,,,,,,,,,,
reqArmor15,UI,Tooltip,,,,Requires Level 15 Armor,,,,,,,,,,,,,
reqArmor20,UI,Tooltip,,,,Requires Level 20 Armor,,,,,,,,,,,,,
reqArmor25,UI,Tooltip,,,,Requires Level 25 Armor,,,,,,,,,,,,,
reqArmor30,UI,Tooltip,,,,Requires Level 30 Armor,,,,,,,,,,,,,
reqArmor35,UI,Tooltip,,,,Requires Level 35 Armor,,,,,,,,,,,,,
reqArmor40,UI,Tooltip,,,,Requires Level 40 Armor,,,,,,,,,,,,,
reqArmor45,UI,Tooltip,,,,Requires Level 45 Armor,,,,,,,,,,,,,
reqArmor50,UI,Tooltip,,,,Requires Level 50 Armor,,,,,,,,,,,,,
reqArmor55,UI,Tooltip,,,,Requires Level 55 Armor,,,,,,,,,,,,,
reqArmor60,UI,Tooltip,,,,Requires Level 60 Armor,,,,,,,,,,,,,
reqArmor65,UI,Tooltip,,,,Requires Level 65 Armor,,,,,,,,,,,,,
reqArmor70,UI,Tooltip,,,,Requires Level 70 Armor,,,,,,,,,,,,,
reqArmor75,UI,Tooltip,,,,Requires Level 75 Armor,,,,,,,,,,,,,
reqArmor80,UI,Tooltip,,,,Requires Level 80 Armor,,,,,,,,,,,,,
reqArmor85,UI,Tooltip,,,,Requires Level 85 Armor,,,,,,,,,,,,,
reqArmor90,UI,Tooltip,,,,Requires Level 90 Armor,,,,,,,,,,,,,
reqArmor95,UI,Tooltip,,,,Requires Level 95 Armor,,,,,,,,,,,,,
reqArmor100,UI,Tooltip,,,,Requires Level 100 Armor,,,,,,,,,,,,,
reqSurvivalism5,UI,Tooltip,,,,Requires Level 5 Survivalism,,,,,,,,,,,,,
reqSurvivalism10,UI,Tooltip,,,,Requires Level 10 Survivalism,,,,,,,,,,,,,
reqSurvivalism15,UI,Tooltip,,,,Requires Level 15 Survivalism,,,,,,,,,,,,,
reqSurvivalism20,UI,Tooltip,,,,Requires Level 20 Survivalism,,,,,,,,,,,,,
reqSurvivalism25,UI,Tooltip,,,,Requires Level 25 Survivalism,,,,,,,,,,,,,
reqSurvivalism30,UI,Tooltip,,,,Requires Level 30 Survivalism,,,,,,,,,,,,,
reqSurvivalism35,UI,Tooltip,,,,Requires Level 35 Survivalism,,,,,,,,,,,,,
reqSurvivalism40,UI,Tooltip,,,,Requires Level 40 Survivalism,,,,,,,,,,,,,
reqSurvivalism45,UI,Tooltip,,,,Requires Level 45 Survivalism,,,,,,,,,,,,,
reqSurvivalism50,UI,Tooltip,,,,Requires Level 50 Survivalism,,,,,,,,,,,,,
reqSurvivalism55,UI,Tooltip,,,,Requires Level 55 Survivalism,,,,,,,,,,,,,
reqSurvivalism60,UI,Tooltip,,,,Requires Level 60 Survivalism,,,,,,,,,,,,,
reqSurvivalism65,UI,Tooltip,,,,Requires Level 65 Survivalism,,,,,,,,,,,,,
reqSurvivalism70,UI,Tooltip,,,,Requires Level 70 Survivalism,,,,,,,,,,,,,
reqSurvivalism75,UI,Tooltip,,,,Requires Level 75 Survivalism,,,,,,,,,,,,,
reqSurvivalism80,UI,Tooltip,,,,Requires Level 80 Survivalism,,,,,,,,,,,,,
reqSurvivalism85,UI,Tooltip,,,,Requires Level 85 Survivalism,,,,,,,,,,,,,
reqSurvivalism90,UI,Tooltip,,,,Requires Level 90 Survivalism,,,,,,,,,,,,,
reqSurvivalism95,UI,Tooltip,,,,Requires Level 95 Survivalism,,,,,,,,,,,,,
reqSurvivalism100,UI,Tooltip,,,,Requires Level 100 Survivalism,,,,,,,,,,,,,
reqMining5,UI,Tooltip,,,,Requires Level 5 Mining,,,,,,,,,,,,,
reqMining10,UI,Tooltip,,,,Requires Level 10 Mining,,,,,,,,,,,,,
reqMining15,UI,Tooltip,,,,Requires Level 15 Mining,,,,,,,,,,,,,
reqMining20,UI,Tooltip,,,,Requires Level 20 Mining,,,,,,,,,,,,,
reqMining25,UI,Tooltip,,,,Requires Level 25 Mining,,,,,,,,,,,,,
reqMining30,UI,Tooltip,,,,Requires Level 30 Mining,,,,,,,,,,,,,
reqMining35,UI,Tooltip,,,,Requires Level 35 Mining,,,,,,,,,,,,,
reqMining40,UI,Tooltip,,,,Requires Level 40 Mining,,,,,,,,,,,,,
reqMining45,UI,Tooltip,,,,Requires Level 45 Mining,,,,,,,,,,,,,
reqMining50,UI,Tooltip,,,,Requires Level 50 Mining,,,,,,,,,,,,,
reqMining55,UI,Tooltip,,,,Requires Level 55 Mining,,,,,,,,,,,,,
reqMining60,UI,Tooltip,,,,Requires Level 60 Mining,,,,,,,,,,,,,
reqMining65,UI,Tooltip,,,,Requires Level 65 Mining,,,,,,,,,,,,,
reqMining70,UI,Tooltip,,,,Requires Level 70 Mining,,,,,,,,,,,,,
reqMining75,UI,Tooltip,,,,Requires Level 75 Mining,,,,,,,,,,,,,
reqMining80,UI,Tooltip,,,,Requires Level 80 Mining,,,,,,,,,,,,,
reqMining85,UI,Tooltip,,,,Requires Level 85 Mining,,,,,,,,,,,,,
reqMining90,UI,Tooltip,,,,Requires Level 90 Mining,,,,,,,,,,,,,
reqMining95,UI,Tooltip,,,,Requires Level 95 Mining,,,,,,,,,,,,,
reqMining100,UI,Tooltip,,,,Requires Level 100 Mining,,,,,,,,,,,,,
reqSalvaging5,UI,Tooltip,,,,Requires Level 5 Salvaging,,,,,,,,,,,,,
reqSalvaging10,UI,Tooltip,,,,Requires Level 10 Salvaging,,,,,,,,,,,,,
reqSalvaging15,UI,Tooltip,,,,Requires Level 15 Salvaging,,,,,,,,,,,,,
reqSalvaging20,UI,Tooltip,,,,Requires Level 20 Salvaging,,,,,,,,,,,,,
reqSalvaging25,UI,Tooltip,,,,Requires Level 25 Salvaging,,,,,,,,,,,,,
reqSalvaging30,UI,Tooltip,,,,Requires Level 30 Salvaging,,,,,,,,,,,,,
reqSalvaging35,UI,Tooltip,,,,Requires Level 35 Salvaging,,,,,,,,,,,,,
reqSalvaging40,UI,Tooltip,,,,Requires Level 40 Salvaging,,,,,,,,,,,,,
reqSalvaging45,UI,Tooltip,,,,Requires Level 45 Salvaging,,,,,,,,,,,,,
reqSalvaging50,UI,Tooltip,,,,Requires Level 50 Salvaging,,,,,,,,,,,,,
reqSalvaging55,UI,Tooltip,,,,Requires Level 55 Salvaging,,,,,,,,,,,,,
reqSalvaging60,UI,Tooltip,,,,Requires Level 60 Salvaging,,,,,,,,,,,,,
reqSalvaging65,UI,Tooltip,,,,Requires Level 65 Salvaging,,,,,,,,,,,,,
reqSalvaging70,UI,Tooltip,,,,Requires Level 70 Salvaging,,,,,,,,,,,,,
reqSalvaging75,UI,Tooltip,,,,Requires Level 75 Salvaging,,,,,,,,,,,,,
reqSalvaging80,UI,Tooltip,,,,Requires Level 80 Salvaging,,,,,,,,,,,,,
reqSalvaging85,UI,Tooltip,,,,Requires Level 85 Salvaging,,,,,,,,,,,,,
reqSalvaging90,UI,Tooltip,,,,Requires Level 90 Salvaging,,,,,,,,,,,,,
reqSalvaging95,UI,Tooltip,,,,Requires Level 95 Salvaging,,,,,,,,,,,,,
reqSalvaging100,UI,Tooltip,,,,Requires Level 100 Salvaging,,,,,,,,,,,,,
reqScavenging5,UI,Tooltip,,,,Requires Level 5 Scavenging,,,,,,,,,,,,,
reqScavenging10,UI,Tooltip,,,,Requires Level 10 Scavenging,,,,,,,,,,,,,
reqScavenging15,UI,Tooltip,,,,Requires Level 15 Scavenging,,,,,,,,,,,,,
reqScavenging20,UI,Tooltip,,,,Requires Level 20 Scavenging,,,,,,,,,,,,,
reqScavenging25,UI,Tooltip,,,,Requires Level 25 Scavenging,,,,,,,,,,,,,
reqScavenging30,UI,Tooltip,,,,Requires Level 30 Scavenging,,,,,,,,,,,,,
reqScavenging35,UI,Tooltip,,,,Requires Level 35 Scavenging,,,,,,,,,,,,,
reqScavenging40,UI,Tooltip,,,,Requires Level 40 Scavenging,,,,,,,,,,,,,
reqScavenging45,UI,Tooltip,,,,Requires Level 45 Scavenging,,,,,,,,,,,,,
reqScavenging50,UI,Tooltip,,,,Requires Level 50 Scavenging,,,,,,,,,,,,,
reqScavenging55,UI,Tooltip,,,,Requires Level 55 Scavenging,,,,,,,,,,,,,
reqScavenging60,UI,Tooltip,,,,Requires Level 60 Scavenging,,,,,,,,,,,,,
reqScavenging65,UI,Tooltip,,,,Requires Level 65 Scavenging,,,,,,,,,,,,,
reqScavenging70,UI,Tooltip,,,,Requires Level 70 Scavenging,,,,,,,,,,,,,
reqScavenging75,UI,Tooltip,,,,Requires Level 75 Scavenging,,,,,,,,,,,,,
reqScavenging80,UI,Tooltip,,,,Requires Level 80 Scavenging,,,,,,,,,,,,,
reqScavenging85,UI,Tooltip,,,,Requires Level 85 Scavenging,,,,,,,,,,,,,
reqScavenging90,UI,Tooltip,,,,Requires Level 90 Scavenging,,,,,,,,,,,,,
reqScavenging95,UI,Tooltip,,,,Requires Level 95 Scavenging,,,,,,,,,,,,,
reqScavenging100,UI,Tooltip,,,,Requires Level 100 Scavenging,,,,,,,,,,,,,
reqPlayerLevel5,UI,Tooltip,,,,Requires Player Level 5,,,,,,,,,,,,,
reqPlayerLevel10,UI,Tooltip,,,,Requires Player Level 10,,,,,,,,,,,,,
reqPlayerLevel15,UI,Tooltip,,,,Requires Player Level 15,,,,,,,,,,,,,
reqPlayerLevel20,UI,Tooltip,,,,Requires Player Level 20,,,,,,,,,,,,,
reqPlayerLevel25,UI,Tooltip,,,,Requires Player Level 25,,,,,,,,,,,,,
reqPlayerLevel30,UI,Tooltip,,,,Requires Player Level 30,,,,,,,,,,,,,
reqPlayerLevel35,UI,Tooltip,,,,Requires Player Level 35,,,,,,,,,,,,,
reqPlayerLevel40,UI,Tooltip,,,,Requires Player Level 40,,,,,,,,,,,,,
reqPlayerLevel45,UI,Tooltip,,,,Requires Player Level 45,,,,,,,,,,,,,
reqPlayerLevel50,UI,Tooltip,,,,Requires Player Level 50,,,,,,,,,,,,,
reqPlayerLevel55,UI,Tooltip,,,,Requires Player Level 55,,,,,,,,,,,,,
reqPlayerLevel60,UI,Tooltip,,,,Requires Player Level 60,,,,,,,,,,,,,
reqPlayerLevel65,UI,Tooltip,,,,Requires Player Level 65,,,,,,,,,,,,,
reqPlayerLevel70,UI,Tooltip,,,,Requires Player Level 70,,,,,,,,,,,,,
reqPlayerLevel75,UI,Tooltip,,,,Requires Player Level 75,,,,,,,,,,,,,
reqPlayerLevel80,UI,Tooltip,,,,Requires Player Level 80,,,,,,,,,,,,,
reqPlayerLevel85,UI,Tooltip,,,,Requires Player Level 85,,,,,,,,,,,,,
reqPlayerLevel90,UI,Tooltip,,,,Requires Player Level 90,,,,,,,,,,,,,
reqPlayerLevel95,UI,Tooltip,,,,Requires Player Level 95,,,,,,,,,,,,,
reqPlayerLevel100,UI,Tooltip,,,,Requires Player Level 100,,,,,,,,,,,,,
perkSexualTrexRank1LongDesc,progression,perk,,x,,"You've graduated to bench warmer, use 10% less stamina when swinging melee weapons and tools.",,,,,,,,,,,,,
perkSexualTrexRank2LongDesc,progression,perk,,x,,"You're now a bonafide athlete, use 20% less stamina when swinging melee weapons and tools.",,,,,,,,,,,,,
perkSexualTrexRank3LongDesc,progression,perk,,x,,"You're a modern warrior, use 30% less stamina when swinging melee weapons and tools and 40% less when power attacking.",,,,,,,,,,,,,
perkSexualTrexRank4LongDesc,progression,perk,,x,,"You're a real cage gladiator, use 40% less stamina when swinging melee weapons and tools or 35% less when power attacking.",,,,,,,,,,,,,
perkSexualTrexRank5Desc,progression,perk,,x,,Sexual Tyrannosaurus,,,,,,,,,,,,,
perkSexualTrexRank5LongDesc,progression,perk,,x,,"You're THE Sexual Tyrannosaurus, use 50% less stamina when swinging melee weapons and tools or 40% less when power attacking.",,,,,,,,,,,,,
perkFlurryOfBlowsRank1LongDesc,progression,perk,,x,,"You've got some quick hands, swing all melee weapons 10% faster.",,,,,,,,,,,,,
perkFlurryOfBlowsRank2LongDesc,progression,perk,,x,,"You've got a sudden strike, swing all melee weapons 20% faster.",,,,,,,,,,,,,
perkFlurryOfBlowsRank3LongDesc,progression,perk,,x,,"You've mastered the flurry of blows, swing all melee weapons 30% faster.",,,,,,,,,,,,,
perkChargingBull,progression,perk,,x,,Charging Bull,,,,,,,,,,,,,
perkChargingBullName,progression,perk,,x,,Charging Bull,,,,,,,,,,,,,
perkChargingBullDesc,progression,perk,,x,,"Lead the charge and make an entrance. You like to charge in head first and smash skulls while shrugging off damage.",,,,,,,,,,,,,
perkChargingBullRank1Desc,progression,perk,,x,,Crazed Barbarian,,,,,,,,,,,,,
perkChargingBullRank1LongDesc,progression,perk,,x,,"You're a little crazy but that's alright you back it up with 10% more melee damage and 10% less damage taken while sprinting.",,,,,,,,,,,,,
perkChargingBullRank2Desc,progression,perk,,x,,First In,,,,,,,,,,,,,
perkChargingBullRank2LongDesc,progression,perk,,x,,"You're the first one into the fight and you start with a bang with 20% more melee damage and 20% less damage taken while sprinting.",,,,,,,,,,,,,
perkChargingBullRank3Desc,progression,perk,,x,,Charging Bull,,,,,,,,,,,,,
perkChargingBullRank3LongDesc,progression,perk,,x,,"You've become a charging bull, your sprinting power attacks devastate enemies and you shrug off blows through pure rage with 30% more melee damage and 30% less damage taken while sprinting.",,,,,,,,,,,,,
perkBrutalStrikes,progression,perk,,x,,Brutal Strikes,,,,,,,,,,,,,
perkBrutalStrikesName,progression,perk,,x,,Brutal Strikes,,,,,,,,,,,,,
perkBrutalStrikesDesc,progression,perk,,x,,"You've had enough of these zombies getting in your grill, teach them a lesson in personal space and take out your rage on them with devastating attacks to the skull.",,,,,,,,,,,,,
perkBrutalStrikesRank1Desc,progression,perk,,x,,Sucker Puncher,,,,,,,,,,,,,
perkBrutalStrikesRank1LongDesc,progression,perk,,x,,"You've thrown a punch or two in your time, deal 10% more damage to the head and have a 10% higher chance to dismember with melee attacks.",,,,,,,,,,,,,
perkBrutalStrikesRank2Desc,progression,perk,,x,,Jaw Breaker,,,,,,,,,,,,,
perkBrutalStrikesRank2LongDesc,progression,perk,,x,,"You're a real striker now, deal 20% more headshot damage and have a 20% higher chance to dismember with melee attacks.",,,,,,,,,,,,,
perkBrutalStrikesRank3Desc,progression,perk,,x,,Bone Cracker,,,,,,,,,,,,,
perkBrutalStrikesRank3LongDesc,progression,perk,,x,,"Ouch, that noise just doesn't bother you anymore huh? you deal 30% more headshot damage and have a 30% higher chance to dismember with melee attacks.",,,,,,,,,,,,,
perkBrutalStrikesRank4Desc,progression,perk,,x,,Vicious Savage,,,,,,,,,,,,,
perkBrutalStrikesRank4LongDesc,progression,perk,,x,,"You're just enjoying this savagery at this point aren't you? you deal 40% more headshot damage and have a 40% higher chance to dismember with melee attacks.",,,,,,,,,,,,,
perkBrutalStrikesRank5Desc,progression,perk,,x,,Brutal Striker,,,,,,,,,,,,,
perkBrutalStrikesRank5LongDesc,progression,perk,,x,,"At a certain point you have to wonder if your arms can even handle this amount of force, you deal 50% more headshot damage and have a 50% higher chance to dismember with melee attacks.",,,,,,,,,,,,,
perkSkullCrusher,progression,perk,,x,,Skull Crusher,,,,,,,,,,,,,
perkSkullCrusherIzpName,progression,perk,,x,,Skull Crusher,,,,,,,,,,,,,
perkSkullCrusherIzpDesc,progression,perk,,x,,Develop your technique of smashing skulls even more.,,,,,,,,,,,,,
perkSkullCrusherRank1Desc,progression,perk,,x,,Black Eye,,,,,,,,,,,,,
perkSkullCrusherRank1LongDesc,progression,perk,,x,,"That's gonna leave a mark, deal 10% more headshot damage and have a 10% higher chance to dismember with blunt weapons.",,,,,,,,,,,,,
perkSkullCrusherRank2Desc,progression,perk,,x,,Nose Breaker,,,,,,,,,,,,,
perkSkullCrusherRank2LongDesc,progression,perk,,x,,"Those zombies aren't gonna smell you coming now. Deal 20% more headshot damage and have a 20% higher chance to dismember with blunt weapons.",,,,,,,,,,,,,
perkSkullCrusherRank3Desc,progression,perk,,x,,Concussion Incoming,,,,,,,,,,,,,
perkSkullCrusherRank3LongDesc,progression,perk,,x,,"Can a zombie get a concussion? Further research required. Deal 30% more headshot damage and have a 30% higher chance to dismember with blunt weapons.",,,,,,,,,,,,,
perkSkullCrusherRank4Desc,progression,perk,,x,,Brain Liquidator,,,,,,,,,,,,,
perkSkullCrusherRank4LongDesc,progression,perk,,x,,"Those zombies will be drinking their own brains through a straw when you're done. Deal 40% more headshot damage and have a 40% higher chance to dismember with blunt weapons.",,,,,,,,,,,,,
perkSkullCrusherRank5Desc,progression,perk,,x,,Skull Crusher,,,,,,,,,,,,,
perkSkullCrusherRank5LongDesc,progression,perk,,x,,"That used to be a human head? Could have fooled me. Deal 50% more headshot damage and have a 50% higher chance to dismember with blunt weapons.",,,,,,,,,,,,,
perkPummelPeteDesc,progression,perk,,x,,Specialise in knocking your foes senseless with blunt weapons.,,,,,,,,,,,,,
perkPummelPeteRank1LongDesc,progression,perk,,x,,"As a roughneck you know how to pack a punch, deal 10% more damage and have a 60% chance to knockdown enemies that are already stunned.",,,,,,,,,,,,,
perkPummelPeteRank2LongDesc,progression,perk,,x,,"Only a thug like you would specialize in kicking people when they're already down, deal 20% more damage and have a 70% chance to knockdown enemies that are already stunned.",,,,,,,,,,,,,
perkPummelPeteRank3LongDesc,progression,perk,,x,,"You're in the big leagues now, deal 30% more damage and have a 80% chance to knockdown enemies that are already stunned. Additionally, landing 5 successive hits in a short time causes the last hit to deal 100% more damage.",,,,,,,,,,,,,
perkSledgelord,progression,perk,,x,,Sledgelord,,,,,,,,,,,,,
perkSledgelordName,progression,perk,,x,,Sledgelord,,,,,,,,,,,,,
perkSledgelordDesc,progression,perk,,x,,Specialise in taking foes off their feet with devastating sledgehammer power attacks.,,,,,,,,,,,,,
perkSledgelordRank1Desc,progression,perk,,x,,The Hammer Head,,,,,,,,,,,,,
perkSledgelordRank1LongDesc,progression,perk,,x,,"You're a real hammer head, gain a 15% chance to knock down enemies with sledgehammer power attacks.",,,,,,,,,,,,,
perkSledgelordRank2Desc,progression,perk,,x,,The Game,,,,,,,,,,,,,
perkSledgelordRank2LongDesc,progression,perk,,x,,"Good God almighty that was sickening! Gain a 30% chance to knock enemies down with sledgehammer power attacks.",,,,,,,,,,,,,
perkSledgelordRank3Desc,progression,perk,,x,,The Sledgelord,,,,,,,,,,,,,
perkSledgelordRank3LongDesc,progression,perk,,x,,"They shall bow before the sledgy-est of them all, gain a 60% chance to knock down enemies with sledgehammer power attacks. Additionally gain a 20% chance to knockdown nearby enemies.",,,,,,,,,,,,,
perkElectrocutionerDesc,progression,perk,,x,,Learn how to use batons more effectively and incapacitate your victims easier.,,,,,,,,,,,,,
perkElectrocutionerRank1LongDesc,progression,perk,,x,,"Stop, that tickles. Stun batons stun enemies 20% longer.",,,,,,,,,,,,,
perkElectrocutionerRank2LongDesc,progression,perk,,x,,"Everyone is sick of your 'Don't Taze Me Bro' references, but Stun baton stun enemies 40% longer.",,,,,,,,,,,,,
perkElectrocutionerRank3LongDesc,progression,perk,,x,,"Warning: Don't stand behind animals when stunning them. Stun baton stuns last 60% longer.",,,,,,,,,,,,,
perkElectrocutionerRank4LongDesc,progression,perk,,x,,"ZAP! Stun baton stuns last 80% longer and you gain a 20% higher chance to dismember with batons.",,,,,,,,,,,,,
perkElectrocutionerRank5LongDesc,progression,perk,,x,,"Who died and made you Judge, Jury and Electrocutioner? Stun batons stun 100% longer and have a 10% chance to insta-kill enemies.",,,,,,,,,,,,,
perkBreakingAndEntering,progression,perk,,x,,Breaking and Entering,,,,,,,,,,,,,
perkBreakingAndEnteringName,progression,perk,,x,,Breaking and Entering,,,,,,,,,,,,,
perkBreakingAndEnteringDesc,progression,perk,,x,,"Lockpicks are for the weak, smash open walls, containers or even the earth itself with increased block damage for blunt weapons.",,,,,,,,,,,,,
perkBreakingAndEnteringRank1Desc,progression,perk,,x,,Percussive Lockpicking,,,,,,,,,,,,,
perkBreakingAndEnteringRank1LongDesc,progression,perk,,x,,"You don't need a lockpick if you just smash the lock, blunt weapons deal 3x block damage.",,,,,,,,,,,,,
perkBreakingAndEnteringRank2Desc,progression,perk,,x,,Oh YEAH,,,,,,,,,,,,,
perkBreakingAndEnteringRank2LongDesc,progression,perk,,x,,"Smash through walls like your favorite half-liquid, half-glass-container mascot. Blunt weapons deal 4x block damage.",,,,,,,,,,,,,
perkBreakingAndEnteringRank3Desc,progression,perk,,x,,Breaking and Entering,,,,,,,,,,,,,
perkBreakingAndEnteringRank3LongDesc,progression,perk,,x,,"You could have just knocked you know? Blunt weapons deal 5x block damage.",,,,,,,,,,,,,
perkDecapitator,progression,perk,,x,,Decapitator,,,,,,,,,,,,,
perkDecapitatorName,progression,perk,,x,,Decapitator,,,,,,,,,,,,,
perkDecapitatorDesc,progression,perk,,x,,"Aim for the neck and relieve the zombies of their heads.",,,,,,,,,,,,,
perkDecapitatorRank1Desc,progression,perk,,x,,Rookie Executioner,,,,,,,,,,,,,
perkDecapitatorRank1LongDesc,progression,perk,,x,,"You're far from a seasoned executioner but you get the job done eventually, deal 10% more headshot damage and have a 10% higher chance to dismember with bladed weapons.",,,,,,,,,,,,,
perkDecapitatorRank2Desc,progression,perk,,x,,Headhunter,,,,,,,,,,,,,
perkDecapitatorRank2LongDesc,progression,perk,,x,,"You work for the department of death as a recruiter (for the afterlife), deal 20% more headshot damage and have a 20% higher chance to dismember with bladed weapons.",,,,,,,,,,,,,
perkDecapitatorRank3Desc,progression,perk,,x,,Licensed Headsman,,,,,,,,,,,,,
perkDecapitatorRank3LongDesc,progression,perk,,x,,"The last person to ask to see the license got exactly what they asked for, deal 30% more headshot damage and have a 30% higher chance to dismember with bladed weapons.",,,,,,,,,,,,,
perkDecapitatorRank4Desc,progression,perk,,x,,Guillotine,,,,,,,,,,,,,
perkDecapitatorRank4LongDesc,progression,perk,,x,,"Your blade could power a revolution, deal 40% more headshot damage and have a 40% higher chance to dismember with bladed weapons.",,,,,,,,,,,,,
perkDecapitatorRank5Desc,progression,perk,,x,,The Decapitator,,,,,,,,,,,,,
perkDecapitatorRank5LongDesc,progression,perk,,x,,"You probably need to get someone else to cut your hair now...just in case. You deal 50% more headshot damage and have a 50% higher chance to dismember with bladed weapons.",,,,,,,,,,,,,
perkDeepCuts,progression,perk,,x,,Deep Cuts,,,,,,,,,,,,,
perkDeepCutsName,progression,perk,,x,,Deep Cuts,,,,,,,,,,,,,
perkDeepCutsDesc,progression,perk,,x,,"Specialise in using knives, machetes, axes and chainsaws to inflict devastating blood loss on your enemies.",,,,,,,,,,,,,
perkDeepCutsRank1Desc,progression,perk,,x,,Dull Blade,,,,,,,,,,,,,
perkDeepCutsRank1LongDesc,progression,perk,,x,,"Inflict up to 3 Bleeding Wounds on an enemy and a power attack inflicts 2. Every attack refreshes the duration on bleeding. Each bleed stack does 1 damage per second for 20 seconds.",,,,,,,,,,,,,
perkDeepCutsRank2Desc,progression,perk,,x,,Blood Bath,,,,,,,,,,,,,
perkDeepCutsRank2LongDesc,progression,perk,,x,,"Inflict up to 4 Bleeding Wounds on an enemy and a power attack inflicts 3.",,,,,,,,,,,,,
perkDeepCutsRank3Desc,progression,perk,,x,,Deep Cuts,,,,,,,,,,,,,
perkDeepCutsRank3LongDesc,progression,perk,,x,,"Inflict up to 7 Bleeding Wounds on an enemy and a power attack inflicts 5, glancing blows also inflict 1 bleed stack.",,,,,,,,,,,,,
perkKnifeGuy,progression,perk,,x,,Knife Guy,,,,,,,,,,,,,
perkKnifeGuyName,progression,perk,,x,,Knife Guy,,,,,,,,,,,,,
perkKnifeGuyDesc,progression,perk,,x,,"Swing your knives and machetes faster and specialise in stealthily assassinating targets.",,,,,,,,,,,,,
perkKnifeGuyRank1Desc,progression,perk,,x,,Slasher,,,,,,,,,,,,,
perkKnifeGuyRank1LongDesc,progression,perk,,x,,"You're a real slasher, Attack 5% faster and deal 50% more sneak attack damage with knives and machetes",,,,,,,,,,,,,
perkKnifeGuyRank2Desc,progression,perk,,x,,Slayer,,,,,,,,,,,,,
perkKnifeGuyRank2LongDesc,progression,perk,,x,,"Attack 10% faster and deal 100% more sneak attack damage with knives and machetes",,,,,,,,,,,,,
perkKnifeGuyRank3Desc,progression,perk,,x,,Knife Guy,,,,,,,,,,,,,
perkKnifeGuyRank3LongDesc,progression,perk,,x,,"Attack 15% faster and deal 150% more sneak attack damage with knives and machetes",,,,,,,,,,,,,
perkMangler,progression,perk,,x,,Mangler,,,,,,,,,,,,,
perkManglerName,progression,perk,,x,,Mangler,,,,,,,,,,,,,
perkManglerDesc,progression,perk,,x,,"The enemies can't hurt you if you rip their hands and jaws to pieces with axes and chainsaws first.",,,,,,,,,,,,,
perkManglerRank1Desc,progression,perk,,x,,Mauler,,,,,,,,,,,,,
perkManglerRank1LongDesc,progression,perk,,x,,"Attacks with axes and chainsaws cause enemies to do 10% less damage for 10 seconds.",,,,,,,,,,,,,
perkManglerRank2Desc,progression,perk,,x,,Mutilator,,,,,,,,,,,,,
perkManglerRank2LongDesc,progression,perk,,x,,"Attacks with axes and chainsaws cause enemies to do 15% less damage for 10 seconds.",,,,,,,,,,,,,
perkManglerRank3Desc,progression,perk,,x,,Mangler,,,,,,,,,,,,,
perkManglerRank3LongDesc,progression,perk,,x,,"Attacks with axes and chainsaws cause enemies to do 20% less damage for 10 seconds.",,,,,,,,,,,,,
pernMangler,progression,perk,,x,,Mangler,,,,,,,,,,,,,
pernManglerName,progression,perk,,x,,Mangler,,,,,,,,,,,,,
pernManglerDesc,progression,perk,,x,,"The enemies can't hurt you if you rip their hands and jaws to pieces with axes and chainsaws first.",,,,,,,,,,,,,
pernManglerRank1Desc,progression,perk,,x,,Mauler,,,,,,,,,,,,,
pernManglerRank1LongDesc,progression,perk,,x,,"Attacks with axes and chainsaws cause enemies to do 10% less damage for 10 seconds.",,,,,,,,,,,,,
pernManglerRank2Desc,progression,perk,,x,,Mutilator,,,,,,,,,,,,,
pernManglerRank2LongDesc,progression,perk,,x,,"Attacks with axes and chainsaws cause enemies to do 15% less damage for 10 seconds.",,,,,,,,,,,,,
pernManglerRank3Desc,progression,perk,,x,,Mangler,,,,,,,,,,,,,
pernManglerRank3LongDesc,progression,perk,,x,,"Attacks with axes and chainsaws cause enemies to do 20% less damage for 10 seconds.",,,,,,,,,,,,,
perkChainsawMassacre,progression,perk,,x,,Chainsaw Massacre,,,,,,,,,,,,,
perkChainsawMassacreName,progression,perk,,x,,Chainsaw Massacre,,,,,,,,,,,,,
perkChainsawMassacreDesc,progression,perk,,x,,"Specialise in shredding the limbs of enemies with your chainsaw.",,,,,,,,,,,,,
perkChainsawMassacreRank1Desc,progression,perk,,x,,Lumberjack,,,,,,,,,,,,,
perkChainsawMassacreRank1LongDesc,progression,perk,,x,,"Chainsaws deal 10% more damage and have 10% more dismemberment chance.",,,,,,,,,,,,,
perkChainsawMassacreRank2Desc,progression,perk,,x,,Maniac,,,,,,,,,,,,,
perkChainsawMassacreRank2LongDesc,progression,perk,,x,,"Chainsaws deal 20% more damage and have 20% more dismemberment chance.",,,,,,,,,,,,,
perkChainsawMassacreRank3Desc,progression,perk,,x,,Chainsaw Massacre,,,,,,,,,,,,,
perkChainsawMassacreRank3LongDesc,progression,perk,,x,,"Chainsaws deal 30% more damage and have 30% more dismemberment chance.",,,,,,,,,,,,,
perkLobotomizer,progression,perk,,x,,Lobotomizer,,,,,,,,,,,,,
perkLobotomizerName,progression,perk,,x,,Lobotomizer,,,,,,,,,,,,,
perkLobotomizerDesc,progression,perk,,x,,"Aim for the head and they stay dead. Specialise in dealing more headshot damage and dismemberment with piercing weapons like spears, pickaxes and shovels.",,,,,,,,,,,,,
perkLobotomizerRank1Desc,progression,perk,,x,,Shishkebab,,,,,,,,,,,,,
perkLobotomizerRank1LongDesc,progression,perk,,x,,"Deal 10% more headshot damage and have a 10% higher chance to dismember with piercing weapons.",,,,,,,,,,,,,
perkLobotomizerRank2Desc,progression,perk,,x,,Impaler,,,,,,,,,,,,,
perkLobotomizerRank2LongDesc,progression,perk,,x,,"Deal 20% more headshot damage and have a 20% higher chance to dismember with piercing weapons.",,,,,,,,,,,,,
perkLobotomizerRank3Desc,progression,perk,,x,,Head Popper,,,,,,,,,,,,,
perkLobotomizerRank3LongDesc,progression,perk,,x,,"Deal 30% more headshot damage and have a 30% higher chance to dismember with piercing weapons.",,,,,,,,,,,,,
perkLobotomizerRank4Desc,progression,perk,,x,,Brain Surgeon,,,,,,,,,,,,,
perkLobotomizerRank4LongDesc,progression,perk,,x,,"Deal 40% more headshot damage and have a 40% higher chance to dismember with piercing weapons.",,,,,,,,,,,,,
perkLobotomizerRank5Desc,progression,perk,,x,,The Lobotomizer,,,,,,,,,,,,,
perkLobotomizerRank5LongDesc,progression,perk,,x,,"Deal 50% more headshot damage and have a 50% higher chance to dismember with piercing weapons.",,,,,,,,,,,,,
perkStayBack,progression,perk,,x,,Stay Back,,,,,,,,,,,,,
perkStayBackName,progression,perk,,x,,Stay Back,,,,,,,,,,,,,
perkStayBackDesc,progression,perk,,x,,"Keep enemies at bay by slowing them down with crippling strikes from piercing weapons like spears, pickaxes and shovels.",,,,,,,,,,,,,
perkStayBackRank1Desc,progression,perk,,x,,Arms Reach,,,,,,,,,,,,,
perkStayBackRank1LongDesc,progression,perk,,x,,"Gain a 60% chance to slow enemies with piercing weapons.",,,,,,,,,,,,,
perkStayBackRank2Desc,progression,perk,,x,,Crippler,,,,,,,,,,,,,
perkStayBackRank2LongDesc,progression,perk,,x,,"Gain an 80% chance to slow enemies with piercing weapons.",,,,,,,,,,,,,
perkStayBackRank3Desc,progression,perk,,x,,Stay Back,,,,,,,,,,,,,
perkStayBackRank3LongDesc,progression,perk,,x,,"Gain an 100% chance to slow enemies with piercing weapons.",,,,,,,,,,,,,
perkSurgicalStrike,progression,perk,,x,,Surgical Strike,,,,,,,,,,,,,
perkSurgicalStrikeName,progression,perk,,x,,Surgical Strike,,,,,,,,,,,,,
perkSurgicalStrikeDesc,progression,perk,,x,,"Look for gaps in the armor and strike. Deal more damage to armored enemies with piercing weapons.",,,,,,,,,,,,,
perkSurgicalStrikeRank1Desc,progression,perk,,x,,Accurate Attack,,,,,,,,,,,,,
perkSurgicalStrikeRank1LongDesc,progression,perk,,x,,Piercing weapons ignore 30% of armor.,,,,,,,,,,,,,
perkSurgicalStrikeRank2Desc,progression,perk,,x,,Precise Thrust,,,,,,,,,,,,,
perkSurgicalStrikeRank2LongDesc,progression,perk,,x,,Piercing weapons ignore 50% of armor.,,,,,,,,,,,,,
perkSurgicalStrikeRank3Desc,progression,perk,,x,,Surgical Strike,,,,,,,,,,,,,
perkSurgicalStrikeRank3LongDesc,progression,perk,,x,,Piercing weapons ignore 60% of armor.,,,,,,,,,,,,,
perkRunAndGun,progression,perk,,x,,Run and Gun,,,,,,,,,,,,,
perkRunAndGunName,progression,perk,,x,,Run and Gun,,,,,,,,,,,,,
perkRunAndGunDesc,progression,perk,,x,,Increase your accuracy when firing from the hip.,,,,,,,,,,,,,
perkRunAndGunRank1Desc,progression,perk,,x,,Twitch Fingers,,,,,,,,,,,,,
perkRunAndGunRank1LongDesc,progression,perk,,x,,Increases Hipfire Accuracy by 10%.,,,,,,,,,,,,,
perkRunAndGunRank2Desc,progression,perk,,x,,Trigger Man,,,,,,,,,,,,,
perkRunAndGunRank2LongDesc,progression,perk,,x,,Increases Hipfire Accuracy by 20%.,,,,,,,,,,,,,
perkRunAndGunRank3Desc,progression,perk,,x,,Run and Gun,,,,,,,,,,,,,
perkRunAndGunRank3LongDesc,progression,perk,,x,,Increases Hipfire Accuracy by 30%.,,,,,,,,,,,,,
perkProperMaintenance,progression,perk,,x,,Proper Maintenance,,,,,,,,,,,,,
perkProperMaintenanceName,progression,perk,,x,,Proper Maintenance,,,,,,,,,,,,,
perkProperMaintenanceDesc,progression,perk,,x,,Learn to maintain firearms and archery weapons so they break slower.,,,,,,,,,,,,,
perkProperMaintenanceRank1Desc,progression,perk,,x,,Spit Polish,,,,,,,,,,,,,
perkProperMaintenanceRank1LongDesc,progression,perk,,x,,Decrease ranged weapon degradation by 20%.,,,,,,,,,,,,,
perkProperMaintenanceRank2Desc,progression,perk,,x,,Careful Repairs,,,,,,,,,,,,,
perkProperMaintenanceRank2LongDesc,progression,perk,,x,,Decrease ranged weapon degradation by 40%.,,,,,,,,,,,,,
perkProperMaintenanceRank3Desc,progression,perk,,x,,Proper Maintenance,,,,,,,,,,,,,
perkProperMaintenanceRank3LongDesc,progression,perk,,x,,Decrease ranged weapon degradation by 60%.,,,,,,,,,,,,,
perkCripplingShot,progression,perk,,x,,Crippling Shot,,,,,,,,,,,,,
perkCripplingShotName,progression,perk,,x,,Crippling Shot,,,,,,,,,,,,,
perkCripplingShotDesc,progression,perk,,x,,"A zombie that can't move is a lot less deadly. Specialise in increased dismemberment to the legs of enemies.",,,,,,,,,,,,,
perkCripplingShotRank1Desc,progression,perk,,x,,Kneecapper,,,,,,,,,,,,,
perkCripplingShotRank1LongDesc,progression,perk,,x,,100% higher chance of leg dismemberment with ranged weapons.,,,,,,,,,,,,,
perkCripplingShotRank2Desc,progression,perk,,x,,Leg Breaker,,,,,,,,,,,,,
perkCripplingShotRank2LongDesc,progression,perk,,x,,200% higher chance of leg dismemberment with ranged weapons.,,,,,,,,,,,,,
perkCripplingShotRank3Desc,progression,perk,,x,,Crippling Shot,,,,,,,,,,,,,
perkCripplingShotRank3LongDesc,progression,perk,,x,,300% higher chance of leg dismemberment with ranged weapons.,,,,,,,,,,,,,
perkGunslinger,progression,perk,,x,,Gunslinger,,,,,,,,,,,,,
perkGunslingerName,progression,perk,,x,,Gunslinger,,,,,,,,,,,,,
perkGunslingerDesc,progression,perk,,x,,Specialize in using handguns and SMGs with faster firerates and combo damage.,,,,,,,,,,,,,
perkGunslingerRank1Desc,progression,perk,,x,,Rusty Shooter,,,,,,,,,,,,,
perkGunslingerRank1LongDesc,progression,perk,,x,,Reload pistols 10% faster.,,,,,,,,,,,,,
perkGunslingerRank2Desc,progression,perk,,x,,Seasoned Slinger,,,,,,,,,,,,,
perkGunslingerRank2LongDesc,progression,perk,,x,,Reload pistols 20% faster.,,,,,,,,,,,,,
perkGunslingerRank3Desc,progression,perk,,x,,Gun Fu,,,,,,,,,,,,,
perkGunslingerRank3LongDesc,progression,perk,,x,,"Reload pistols 30% faster, \nCritical Damage: 5 successive hits in a short time cause double damage.",,,,,,,,,,,,,
perkGunslingerRank4Desc,progression,perk,,x,,Agent,,,,,,,,,,,,,
perkGunslingerRank4LongDesc,progression,perk,,x,,"Reload pistols 40% faster, \nCritical Damage: 4 successive hits in a short time cause double damage.",,,,,,,,,,,,,
perkGunslingerRank5Desc,progression,perk,,x,,Gunslinger,,,,,,,,,,,,,
perkGunslingerRank5LongDesc,progression,perk,,x,,"Reload pistols 50% faster, \nCritical Damage: 3 successive hits in a short time cause double damage.",,,,,,,,,,,,,
perk9mmPeter,progression,perk,,x,,9mm Peter,,,,,,,,,,,,,
perk9mmPeterName,progression,perk,,x,,9mm Peter,,,,,,,,,,,,,
perk9mmPeterDesc,progression,perk,,x,,Specialise in using 9mm handguns and submachine guns with faster firerates and easier to control recoil.,,,,,,,,,,,,,
perk9mmPeterRank1Desc,progression,perk,,x,,Motion of The Ocean,,,,,,,,,,,,,
perk9mmPeterRank1LongDesc,progression,perk,,x,,Pistols fire 10% faster with 20% less recoil.,,,,,,,,,,,,,
perk9mmPeterRank2Desc,progression,perk,,x,,Growth Mindset,,,,,,,,,,,,,
perk9mmPeterRank2LongDesc,progression,perk,,x,,Pistols fire 20% faster with 40% less recoil.,,,,,,,,,,,,,
perk9mmPeterRank3Desc,progression,perk,,x,,9mm Peter,,,,,,,,,,,,,
perk9mmPeterRank3LongDesc,progression,perk,,x,,Pistols fire 30% faster with 60% less recoil.,,,,,,,,,,,,,
perkDuelist,progression,perk,,x,,Duelist,,,,,,,,,,,,,
perkDuelistName,progression,perk,,x,,Duelist,,,,,,,,,,,,,
perkDuelistDesc,progression,perk,,x,,Specialise in using .44 handguns with faster firerates,reloads and a chance to knock down enemies.,,,,,,,,,,,,,
perkDuelistRank1Desc,progression,perk,,x,,Outlaw,,,,,,,,,,,,,
perkDuelistRank1LongDesc,progression,perk,,x,,".44 handguns fire 15% faster, reload 10% faster and have a 20% chance to knock down enemies.",,,,,,,,,,,,,
perkDuelistRank2Desc,progression,perk,,x,,Sheriff,,,,,,,,,,,,,
perkDuelistRank2LongDesc,progression,perk,,x,,".44 handguns fire 30% faster, reload 20% faster and have a 40% chance to knock down enemies.",,,,,,,,,,,,,
perkDuelistRank3Desc,progression,perk,,x,,Duelist,,,,,,,,,,,,,
perkDuelistRank3LongDesc,progression,perk,,x,,".44 handguns fire 45% faster, reload 30% faster and have a 60% chance to knock down enemies.",,,,,,,,,,,,,
perkDeadShot,progression,perk,,x,,Dead Shot,,,,,,,,,,,,,
perkDeadShotName,progression,perk,,x,,Dead Shot,,,,,,,,,,,,,
perkDeadShotDesc,progression,perk,,x,,Specialise in increased headshot damage and dismemberment with handguns and SMGs.,,,,,,,,,,,,,
perkDeadshotRank1Desc,progression,perk,,x,,Pistoleer,,,,,,,,,,,,,
perkDeadshotRank1LongDesc,progression,perk,,x,,Deal 20% more headshot damage and have a 20% higher chance to dismember with pistols.,,,,,,,,,,,,,
perkDeadshotRank2Desc,progression,perk,,x,,Enforcer,,,,,,,,,,,,,
perkDeadshotRank2LongDesc,progression,perk,,x,,Deal 40% more headshot damage and have a 40% higher chance to dismember with pistols.,,,,,,,,,,,,,
perkDeadshotRank3Desc,progression,perk,,x,,Gunfighter,,,,,,,,,,,,,
perkDeadshotRank3LongDesc,progression,perk,,x,,Deal 60% more headshot damage and have a 60% higher chance to dismember with pistols.,,,,,,,,,,,,,
perkDeadshotRank4Desc,progression,perk,,x,,Crack Shot,,,,,,,,,,,,,
perkDeadshotRank4LongDesc,progression,perk,,x,,Deal 80% more headshot damage and have a 80% higher chance to dismember with pistols.,,,,,,,,,,,,,
perkDeadshotRank5Desc,progression,perk,,x,,Dead Shot,,,,,,,,,,,,,
perkDeadshotRank5LongDesc,progression,perk,,x,,Deal 100% more headshot damage and have a 100% higher chance to dismember with pistols.,,,,,,,,,,,,,
perkBoomstick,progression,perk,,x,,Boomstick,,,,,,,,,,,,,
perkBoomstickName,progression,perk,,x,,Boomstick,,,,,,,,,,,,,
perkBoomstickDesc,progression,perk,,x,,Specialise in using shotguns with faster firerates and more devastating stuns.,,,,,,,,,,,,,
perkBoomstickRank1Desc,progression,perk,,x,,Blunderbuss,,,,,,,,,,,,,
perkBoomstickRank1LongDesc,progression,perk,,x,,Shotguns fire 10% faster and stun for 6 seconds.,,,,,,,,,,,,,
perkBoomstickRank2Desc,progression,perk,,x,,Scattergun,,,,,,,,,,,,,
perkBoomstickRank2LongDesc,progression,perk,,x,,Shotguns fire 20% faster and stun for 8 seconds.,,,,,,,,,,,,,
perkBoomstickRank3Desc,progression,perk,,x,,Boomstick,,,,,,,,,,,,,
perkBoomstickRank3LongDesc,progression,perk,,x,,"Shotguns fire 30% faster, stun for 8 seconds and leg shots cripple enemies".,,,,,,,,,,,,,
perkShotgunSurgeon,progression,perk,,x,,Shotgun Surgeon,,,,,,,,,,,,,
perkShotgunSurgeonName,progression,perk,,x,,Shotgun Surgeon,,,,,,,,,,,,,
perkShotgunSurgeonDesc,progression,perk,,x,,Specialise in using shotguns at longer ranges with more accuracy.,,,,,,,,,,,,,
perkShotgunSurgeonRank1Desc,progression,perk,,x,,Shotgun Hunter,,,,,,,,,,,,,
perkShotgunSurgeonRank1LongDesc,progression,perk,,x,,Shotguns are 10% more accurate and have 100% more effective and maximum range.,,,,,,,,,,,,,
perkShotgunSurgeonRank2Desc,progression,perk,,x,,Skeet Shooter,,,,,,,,,,,,,
perkShotgunSurgeonRank2LongDesc,progression,perk,,x,,Shotguns are 20% more accurate and have 200% more effective and maximum range.,,,,,,,,,,,,,
perkShotgunSurgeonRank3Desc,progression,perk,,x,,Shotgun Surgeon,,,,,,,,,,,,,
perkShotgunSurgeonRank3LongDesc,progression,perk,,x,,Shotguns are 30% more accurate and have 300% more effective and maximum range.,,,,,,,,,,,,,
perkSplatterGun,progression,perk,,x,,Splatter Gun,,,,,,,,,,,,,
perkSplatterGunName,progression,perk,,x,,Splatter Gun,,,,,,,,,,,,,
perkSplatterGunDesc,progression,perk,,x,,Specialise in increased headshot damage and dismemberment with shotguns.,,,,,,,,,,,,,
perkSplatterGunRank1Desc,progression,perk,,x,,Shotgunner,,,,,,,,,,,,,
perkSplatterGunRank1LongDesc,progression,perk,,x,,Deal 20% more headshot damage and have a 20% higher chance to dismember with shotguns.,,,,,,,,,,,,,
perkSplatterGunRank2Desc,progression,perk,,x,,Breacher,,,,,,,,,,,,,
perkSplatterGunRank2LongDesc,progression,perk,,x,,Deal 40% more headshot damage and have a 40% higher chance to dismember with shotguns.,,,,,,,,,,,,,
perkSplatterGunRank3Desc,progression,perk,,x,,Street Sweeper,,,,,,,,,,,,,
perkSplatterGunRank3LongDesc,progression,perk,,x,,Deal 60% more headshot damage and have a 60% higher chance to dismember with shotguns.,,,,,,,,,,,,,
perkSplatterGunRank4Desc,progression,perk,,x,,Riot Trooper,,,,,,,,,,,,,
perkSplatterGunRank4LongDesc,progression,perk,,x,,Deal 80% more headshot damage and have a 80% higher chance to dismember with shotguns.,,,,,,,,,,,,,
perkSplatterGunRank5Desc,progression,perk,,x,,Splatter Gun,,,,,,,,,,,,,
perkSplatterGunRank5LongDesc,progression,perk,,x,,Deal 100% more headshot damage and have a 100% higher chance to dismember with shotguns.,,,,,,,,,,,,,
perkDeadEye,progression,perk,,x,,Dead Eye,,,,,,,,,,,,,
perkDeadEyeName,progression,perk,,x,,Dead Eye,,,,,,,,,,,,,
perkDeadEyeDesc,progression,perk,,x,,"Specialise in using rifles with more aiming speed, reload speed and combo damage.",,,,,,,,,,,,,
perkDeadEyeRank1Desc,progression,perk,,x,,Barn-Broadside Hunter,,,,,,,,,,,,,
perkDeadEyeRank1LongDesc,progression,perk,,x,,"You CAN hit the broadside of a barn, good for you. Rifles aim 20% faster and reload 10% faster.",,,,,,,,,,,,,
perkDeadEyeRank2Desc,progression,perk,,x,,Sure Shot,,,,,,,,,,,,,
perkDeadEyeRank2LongDesc,progression,perk,,x,,Rifles aim 40% faster and reload 20% faster.,,,,,,,,,,,,,
perkDeadEyeRank3Desc,progression,perk,,x,,Dead Eye,,,,,,,,,,,,,
perkDeadEyeRank3LongDesc,progression,perk,,x,,"Rifles aim 60% faster and reload 30% faster. \nKill Streak: Successive kills increase damage bonus by 10%, 20% to a maximum of 30%.",,,,,,,,,,,,,
perkPenetrator,progression,perk,,x,,Penetrator,,,,,,,,,,,,,
perkPenetratorName,progression,perk,,x,,Penetrator,,,,,,,,,,,,,
perkPenetratorDesc,progression,perk,,x,,Specialise in using armor piercing ammo to ignore even more ammo and penetrate targets with AP rifle rounds.,,,,,,,,,,,,,
perkPenetratorRank1Desc,progression,perk,,x,,Piercing Shot,,,,,,,,,,,,,
perkPenetratorRank1LongDesc,progression,perk,,x,,"All armor piercing ammo ignores 10% more armor, Armor piercing shots fired from rifles can penetrate one enemy target and hit another.",,,,,,,,,,,,,
perkPenetratorRank2Desc,progression,perk,,x,,Perforator,,,,,,,,,,,,,
perkPenetratorRank2LongDesc,progression,perk,,x,,"All armor piercing ammo ignores 15% more armor, Armor piercing shots fired from rifles can penetrate two enemy targets and hit another.",,,,,,,,,,,,,
perkPenetratorRank3Desc,progression,perk,,x,,Puncturer,,,,,,,,,,,,,
perkPenetratorRank3LongDesc,progression,perk,,x,,"All armor piercing ammo ignores 20% more armor, Armor piercing shots fired from rifles can penetrate three enemy targets and hit another.",,,,,,,,,,,,,
perkPenetratorRank4Desc,progression,perk,,x,,Penetrator,,,,,,,,,,,,,
perkPenetratorRank4LongDesc,progression,perk,,x,,"All armor piercing ammo ignores 30% more armor, Armor piercing shots fired from rifles can penetrate four enemy targets and hit another.",,,,,,,,,,,,,
perkModernHunter,progression,perk,,x,,Modern Hunter,,,,,,,,,,,,,
perkModernHunterName,progression,perk,,x,,Modern Hunter,,,,,,,,,,,,,
perkModernHunterDesc,progression,perk,,x,,Specialise in using rifles to hunt animals with more damage and dismemberment.,,,,,,,,,,,,,
perkModernHunterRank1Desc,progression,perk,,x,,Varmint Hunter,,,,,,,,,,,,,
perkModernHunterRank1LongDesc,progression,perk,,x,,Deal 10% more damage and 20% higher dismemberment chance with rifles when attacking animals.,,,,,,,,,,,,,
perkModernHunterRank2Desc,progression,perk,,x,,Big Game Hunter,,,,,,,,,,,,,
perkModernHunterRank2LongDesc,progression,perk,,x,,Deal 25% more damage and 40% higher dismemberment chance with rifles when attacking animals.,,,,,,,,,,,,,
perkModernHunterRank3Desc,progression,perk,,x,,Modern Hunter,,,,,,,,,,,,,
perkModernHunterRank3LongDesc,progression,perk,,x,,Deal 50% more damage and 60% higher dismemberment chance with rifles when attacking animals.,,,,,,,,,,,,,
perkSniper,progression,perk,,x,,Sniper,,,,,,,,,,,,,
perkSniperName,progression,perk,,x,,Sniper,,,,,,,,,,,,,
perkSniperDesc,progression,perk,,x,,Take your rifle skills to the next level and improve your aiming speed and increase your accuracy even further.,,,,,,,,,,,,,
perkSniperRank1Desc,progression,perk,,x,,Marksman,,,,,,,,,,,,,
perkSniperRank1LongDesc,progression,perk,,x,,Rifles aim 10% faster and are 30% more accurate.,,,,,,,,,,,,,
perkSniperRank2Desc,progression,perk,,x,,Sharpshooter,,,,,,,,,,,,,
perkSniperRank2LongDesc,progression,perk,,x,,Rifles aim 20% faster and are 60% more accurate.,,,,,,,,,,,,,
perkSniperRank3Desc,progression,perk,,x,,Sniper,,,,,,,,,,,,,
perkSniperRank3LongDesc,progression,perk,,x,,Rifles aim 30% faster and are 90% more accurate.,,,,,,,,,,,,,
perkDesignatedMarksman,progression,perk,,x,,Designated Marksman,,,,,,,,,,,,,
perkDesignatedMarksmanName,progression,perk,,x,,Designated Marksman,,,,,,,,,,,,,
perkDesignatedMarksmanDesc,progression,perk,,x,,Specialise in increased headshot damage and dismemberment with rifles.,,,,,,,,,,,,,
perkDesignatedMarksmanRank1Desc,progression,perk,,x,,Plinking Rookie,,,,,,,,,,,,,
perkDesignatedMarksmanRank1LongDesc,progression,perk,,x,,Deal 20% more headshot damage and have a 20% higher chance to dismember with rifles.,,,,,,,,,,,,,
perkDesignatedMarksmanRank2Desc,progression,perk,,x,,Trained Rifleman,,,,,,,,,,,,,
perkDesignatedMarksmanRank2LongDesc,progression,perk,,x,,Deal 40% more headshot damage and have a 40% higher chance to dismember with rifles.,,,,,,,,,,,,,
perkDesignatedMarksmanRank3Desc,progression,perk,,x,,Veteran Rifleman,,,,,,,,,,,,,
perkDesignatedMarksmanRank3LongDesc,progression,perk,,x,,Deal 60% more headshot damage and have a 60% higher chance to dismember with rifles.,,,,,,,,,,,,,
perkDesignatedMarksmanRank4Desc,progression,perk,,x,,Eagle Eyed,,,,,,,,,,,,,
perkDesignatedMarksmanRank4LongDesc,progression,perk,,x,,Deal 80% more headshot damage and have a 80% higher chance to dismember with rifles.,,,,,,,,,,,,,
perkDesignatedMarksmanRank5Desc,progression,perk,,x,,Designated Marksman,,,,,,,,,,,,,
perkDesignatedMarksmanRank5LongDesc,progression,perk,,x,,Deal 100% more headshot damage and have a 100% higher chance to dismember with rifles.,,,,,,,,,,,,,
perkCommando,progression,perk,,x,,Commando,,,,,,,,,,,,,
perkCommandoName,progression,perk,,x,,Commando,,,,,,,,,,,,,
perkCommandoDesc,progression,perk,,x,,Specialise in increased reload speed and reduced recoil with Automatic rifles.,,,,,,,,,,,,,
perkCommandoRank1Desc,progression,perk,,x,,Grunt,,,,,,,,,,,,,
perkCommandoRank1LongDesc,progression,perk,,x,,Automatic rifles reload 10% faster and have 5% less recoil.,,,,,,,,,,,,,
perkCommandoRank2Desc,progression,perk,,x,,Veteran,,,,,,,,,,,,,
perkCommandoRank2LongDesc,progression,perk,,x,,Automatic rifles reload 20% faster and have 10% less recoil.,,,,,,,,,,,,,
perkCommandoRank3Desc,progression,perk,,x,,Commando,,,,,,,,,,,,,
perkCommandoRank3LongDesc,progression,perk,,x,,Automatic rifles reload 30% faster and have 15% less recoil.,,,,,,,,,,,,,
perkShortControlledBursts,progression,perk,,x,,Short Controlled Bursts,,,,,,,,,,,,,
perkShortControlledBurstsName,progression,perk,,x,,Short Controlled Bursts,,,,,,,,,,,,,
perkShortControlledBurstsDesc,progression,perk,,x,,"Achieve more precision with your scoped automatic rifles by slowing your firerate and spacing your shots. \nScopes Affected: Reflex Sight, 2x Scope and 4x Scope.",,,,,,,,,,,,,
perkShortControlledBurstsRank1Desc,progression,perk,,x,,Breathe and Squeeze,,,,,,,,,,,,,
perkShortControlledBurstsRank1LongDesc,progression,perk,,x,,"When aiming down sights with a scope attached to an automatic rifle, suffer a 60% firerate penalty but gain 20% better accuracy.",,,,,,,,,,,,,
perkShortControlledBurstsRank2Desc,progression,perk,,x,,Tap Firing,,,,,,,,,,,,,
perkShortControlledBurstsRank2LongDesc,progression,perk,,x,,"When aiming down sights with a scope attached to an automatic rifle, suffer a 40% firerate penalty but gain 40% better accuracy.",,,,,,,,,,,,,
perkShortControlledBurstsRank3Desc,progression,perk,,x,,Short Controlled Bursts,,,,,,,,,,,,,
perkShortControlledBurstsRank3LongDesc,progression,perk,,x,,"When aiming down sights with a scope attached to an automatic rifle, suffer a 20% firerate penalty but gain 60% better accuracy.",,,,,,,,,,,,,
perkSprayAndPray,progression,perk,,x,,Spray and Pray Territory,,,,,,,,,,,,,
perkSprayAndPrayName,progression,perk,,x,,Spray and Pray,,,,,,,,,,,,,
perkSprayAndPrayDesc,progression,perk,,x,,Increase your firerate with automatic rifles while hip firing through sheer disregard for where the bullets land.,,,,,,,,,,,,,
perkSprayAndPrayRank1Desc,progression,perk,,x,,Suppressive Fire,,,,,,,,,,,,,
perkSprayAndPrayRank1LongDesc,progression,perk,,x,,"When hip firing automatic rifles, fire 20% faster.",,,,,,,,,,,,,
perkSprayAndPrayRank2Desc,progression,perk,,x,,BRRRRRRRRT,,,,,,,,,,,,,
perkSprayAndPrayRank2LongDesc,progression,perk,,x,,"When hip firing automatic rifles, fire 30% faster.",,,,,,,,,,,,,
perkSprayAndPrayRank3Desc,progression,perk,,x,,Spray and Pray,,,,,,,,,,,,,
perkSprayAndPrayRank3LongDesc,progression,perk,,x,,"When hip firing automatic rifles, fire 50% faster.",,,,,,,,,,,,,
perkBetterLeadThanDead,progression,perk,,x,,Better Lead Than Dead,,,,,,,,,,,,,
perkBetterLeadThanDeadName,progression,perk,,x,,Better Lead Than Dead,,,,,,,,,,,,,
perkBetterLeadThanDeadDesc,progression,perk,,x,,Specialise in increased headshot damage and dismemberment with Automatic rifles.,,,,,,,,,,,,,
perkBetterLeadThanDeadRank1Desc,progression,perk,,x,,Automatic Rifleman,,,,,,,,,,,,,
perkBetterLeadThanDeadRank1LongDesc,progression,perk,,x,,Deal 20% more headshot damage and have a 20% higher chance to dismember with Automatic rifles.,,,,,,,,,,,,,
perkBetterLeadThanDeadRank2Desc,progression,perk,,x,,Machine Gunner,,,,,,,,,,,,,
perkBetterLeadThanDeadRank2LongDesc,progression,perk,,x,,Deal 40% more headshot damage and have a 40% higher chance to dismember with Automatic rifles.,,,,,,,,,,,,,
perkBetterLeadThanDeadRank3Desc,progression,perk,,x,,Lead Head,,,,,,,,,,,,,
perkBetterLeadThanDeadRank3LongDesc,progression,perk,,x,,Deal 60% more headshot damage and have a 60% higher chance to dismember with Automatic rifles.,,,,,,,,,,,,,
perkBetterLeadThanDeadRank4Desc,progression,perk,,x,,Bullet Hose,,,,,,,,,,,,,
perkBetterLeadThanDeadRank4LongDesc,progression,perk,,x,,Deal 80% more headshot damage and have a 80% higher chance to dismember with Automatic rifles.,,,,,,,,,,,,,
perkBetterLeadThanDeadRank5Desc,progression,perk,,x,,Better Lead Than Dead,,,,,,,,,,,,,
perkBetterLeadThanDeadRank5LongDesc,progression,perk,,x,,Deal 100% more headshot damage and have a 100% higher chance to dismember with Automatic rifles.,,,,,,,,,,,,,
perkArchery,progression,perk,,x,,Archery,,,,,,,,,,,,,
perkArcheryName,progression,perk,,x,,Archery,,,,,,,,,,,,,
perkArcheryDesc,progression,perk,,x,,Increase your aiming speed and reload speed with bows and crossbows.,,,,,,,,,,,,,
perkArcheryRank1Desc,progression,perk,,x,,Bullseye,,,,,,,,,,,,,
perkArcheryRank1LongDesc,progression,perk,,x,,Aim bows and crossbows 20% faster and reload them 10% faster.,,,,,,,,,,,,,
perkArcheryRank2Desc,progression,perk,,x,,Ranger,,,,,,,,,,,,,
perkArcheryRank2LongDesc,progression,perk,,x,,Aim bows and crossbows 40% faster and reload them 20% faster.,,,,,,,,,,,,,
perkArcheryRank3Desc,progression,perk,,x,,Archer,,,,,,,,,,,,,
perkArcheryRank3LongDesc,progression,perk,,x,,Aim bows and crossbows 60% faster and reload them 30% faster.,,,,,,,,,,,,,
perkBowMaster,progression,perk,,x,,Bow Master,,,,,,,,,,,,,
perkBowMasterName,progression,perk,,x,,Bow Master,,,,,,,,,,,,,
perkBowMasterDesc,progression,perk,,x,,"Specialise in reloading bows faster, doing more sneak damage and crippling enemies with arrows.",,,,,,,,,,,,,
perkBowMasterRank1Desc,progression,perk,,x,,Shadow Archer,,,,,,,,,,,,,
perkBowMasterRank1LongDesc,progression,perk,,x,,Reload bows 20% faster and gain a 20% chance to cripple and 50% more sneak damage with arrows.,,,,,,,,,,,,,
perkBowMasterRank2Desc,progression,perk,,x,,Arrow Assassin,,,,,,,,,,,,,
perkBowMasterRank2LongDesc,progression,perk,,x,,Reload bows 40% faster and gain a 40% chance to cripple and 100% more sneak damage with arrows.,,,,,,,,,,,,,
perkBowMasterRank3Desc,progression,perk,,x,,Bow Master,,,,,,,,,,,,,
perkBowMasterRank3LongDesc,progression,perk,,x,,Reload bows 60% faster and gain a 60% chance to cripple and 150% more sneak damage with arrows.,,,,,,,,,,,,,
perkCrossbowMaster,progression,perk,,x,,Crossbow Master,,,,,,,,,,,,,
perkCrossbowMasterName,progression,perk,,x,,Crossbow Master,,,,,,,,,,,,,
perkCrossbowMasterDesc,progression,perk,,x,,Specialise in penetrating armor with crossbows and doing more sneak damage and crippling enemies with bolts.,,,,,,,,,,,,,
perkCrossbowMasterRank1Desc,progression,perk,,x,,Crossbow Hunter,,,,,,,,,,,,,
perkCrossbowMasterRank1LongDesc,progression,perk,,x,,"Penetrate 30% of armor, gain a 50% chance to cripple and 50% more sneak damage with bolts.",,,,,,,,,,,,,
perkCrossbowMasterRank2Desc,progression,perk,,x,,A-List Arbalist,,,,,,,,,,,,,
perkCrossbowMasterRank2LongDesc,progression,perk,,x,,"Penetrate 40% of armor, gain a 80% chance to cripple and 100% more sneak damage with bolts.",,,,,,,,,,,,,
perkCrossbowMasterRank3Desc,progression,perk,,x,,Crossbow Master,,,,,,,,,,,,,
perkCrossbowMasterRank3LongDesc,progression,perk,,x,,"Penetrate 50% of armor, gain a 100% chance to cripple and 150% more sneak damage with bolts.",,,,,,,,,,,,,
perkPrimalHunter,progression,perk,,x,,Primal Hunter,,,,,,,,,,,,,
perkPrimalHunterName,progression,perk,,x,,Primal Hunter,,,,,,,,,,,,,
perkPrimalHunterDesc,progression,perk,,x,,"Hunt animals the old fashioned way with bows and crossbows, dealing additional damage to animals and inflicting bleed against them.",,,,,,,,,,,,,
perkPrimalHunterRank1Desc,progression,perk,,x,,Broadhead Arrows,,,,,,,,,,,,,
perkPrimalHunterRank1LongDesc,progression,perk,,x,,Deal 10% more damage with bows and crossbows against animals and inflict a bleed stack with each shot.,,,,,,,,,,,,,
perkPrimalHunterRank2Desc,progression,perk,,x,,Patient Hunter,,,,,,,,,,,,,
perkPrimalHunterRank2LongDesc,progression,perk,,x,,Deal 25% more damage with bows and crossbows against animals and inflict two bleed stacks with each shot.,,,,,,,,,,,,,
perkPrimalHunterRank3Desc,progression,perk,,x,,Primal Hunter,,,,,,,,,,,,,
perkPrimalHunterRank3LongDesc,progression,perk,,x,,Deal 50% more damage with bows and crossbows against animals and inflict three bleed stacks with each shot.,,,,,,,,,,,,,
perkTheArrowsFate,progression,perk,,x,,The Arrows Fate,,,,,,,,,,,,,
perkTheArrowsFateName,progression,perk,,x,,The Arrows Fate,,,,,,,,,,,,,
perkTheArrowsFateDesc,progression,perk,,x,,Specialise in increased headshot damage and dismemberment with bows and crossbows.,,,,,,,,,,,,,
perkTheArrowsFateRank1Desc,progression,perk,,x,,Lucky Shot,,,,,,,,,,,,,
perkTheArrowsFateRank1LongDesc,progression,perk,,x,,Deal 20% more headshot damage and have a 20% higher chance to dismember with bows and crossbows.,,,,,,,,,,,,,
perkTheArrowsFateRank2Desc,progression,perk,,x,,Reliable Bullseye,,,,,,,,,,,,,
perkTheArrowsFateRank2LongDesc,progression,perk,,x,,Deal 40% more headshot damage and have a 40% higher chance to dismember with bows and crossbows.,,,,,,,,,,,,,
perkTheArrowsFateRank3Desc,progression,perk,,x,,Bow Sniper,,,,,,,,,,,,,
perkTheArrowsFateRank3LongDesc,progression,perk,,x,,Deal 60% more headshot damage and have a 60% higher chance to dismember with bows and crossbows.,,,,,,,,,,,,,
perkTheArrowsFateRank4Desc,progression,perk,,x,,Never Miss,,,,,,,,,,,,,
perkTheArrowsFateRank4LongDesc,progression,perk,,x,,Deal 80% more headshot damage and have a 80% higher chance to dismember with bows and crossbows.,,,,,,,,,,,,,
perkTheArrowsFateRank5Desc,progression,perk,,x,,The Arrows Fate,,,,,,,,,,,,,
perkTheArrowsFateRank5LongDesc,progression,perk,,x,,Deal 100% more headshot damage and have a 100% higher chance to dismember with bows and crossbows.,,,,,,,,,,,,,
perkPhysician,progression,perk,,x,,Physician,,,,,,,,,,,,,
perkPhysicianName,progression,perk,,x,,Physician,,,,,,,,,,,,,
perkPhysicianDesc,progression,perk,,x,,Use medicine and drugs more effectively.,,,,,,,,,,,,,
perkPhysicianRank1Desc,progression,perk,,x,,Intern,,,,,,,,,,,,,
perkPhysicianRank1LongDesc,progression,perk,,x,,"Treated Critical injuries heal 15% faster.\nMedical healing items heal 25% more health over time.\nGain 100% more XP using bandages, first aid bandages, first aid kits and splints.\nSplints and Casts cure sprains instantly.",,,,,,,,,,,,,
perkPhysicianRank2Desc,progression,perk,,x,,Doctor,,,,,,,,,,,,,
perkPhysicianRank2LongDesc,progression,perk,,x,,"Treated Critical injuries heal 25% faster.\nMedical healing items heal 50% more health over time.\nGain 200% more XP medical items.",,,,,,,,,,,,,
perkPhysicianRank3Desc,progression,perk,,x,,Medical Master,,,,,,,,,,,,,
perkPhysicianRank3LongDesc,progression,perk,,x,,"Treated Critical injuries heal 50% faster.\nMedical healing items heal 100% more health over time.\nGain 300% more XP using medical items.\nCasts cure broken limbs instantly.",,,,,,,,,,,,,
perkDaringAdventurer,progression,perk,,x,,Daring Adventurer,,,,,,,,,,,,,
perkDaringAdventurerName,progression,perk,,x,,Daring Adventurer,,,,,,,,,,,,,
perkDaringAdventurerDesc,progression,perk,,x,,Become a daring adventurer and receive greater rewards for your quests.,,,,,,,,,,,,,
perkDaringAdventurerRank1Desc,progression,perk,,x,,Rookie,,,,,,,,,,,,,
perkDaringAdventurerRank1LongDesc,progression,perk,,x,,Gain +20 to your Trader Stage and 10% more dukes for quests.,,,,,,,,,,,,,
perkDaringAdventurerRank2Desc,progression,perk,,x,,Hardened Mercenary,,,,,,,,,,,,,
perkDaringAdventurerRank2LongDesc,progression,perk,,x,,Gain +40 to your Trader Stage and 20% more dukes for quests.,,,,,,,,,,,,,
perkDaringAdventurerRank3Desc,progression,perk,,x,,Daring Adventurer,,,,,,,,,,,,,
perkDaringAdventurerRank3LongDesc,progression,perk,,x,,"Gain +60 to your Trader Stage and 30% more dukes for quests. \nAdditionally, choose an extra reward when finishing quests.",,,,,,,,,,,,,
perkCharismaticNatureRank5LongDesc,progression,perk,,x,,"You're a true hero, Allies and Party members find 20% better loot and gain +25 maximum stamina.",,,,,,,,,,,,,
perkDemolitionsExpertDesc,progression,perk,,x,,Specialise in using explosives to blow enemies sky high.,,,,,,,,,,,,,
perkDemolitionsExpertRank1LongDesc,progression,perk,,x,,Explosives deal 20% more damage and Rocket Launchers reload 15% faster and aim 20% faster.,,,,,,,,,,,,,
perkDemolitionsExpertRank2LongDesc,progression,perk,,x,,Explosives deal 40% more damage and Rocket Launchers reload 30% faster and aim 40% faster.,,,,,,,,,,,,,
perkDemolitionsExpertRank3LongDesc,progression,perk,,x,,Explosives deal 60% more damage and Rocket Launchers reload 45% faster and aim 60% faster.,,,,,,,,,,,,,
perkReducedToAtoms,progression,perk,,x,,Reduced To Atoms,,,,,,,,,,,,,
perkReducedToAtomsName,progression,perk,,x,,Reduced To Atoms,,,,,,,,,,,,,
perkReducedToAtomsDesc,progression,perk,,x,,Specialise in blowing off body parts with your explosives you sick lunatic.,,,,,,,,,,,,,
perkReducedToAtomsRank1Desc,progression,perk,,x,,Mine Crafter,,,,,,,,,,,,,
perkReducedToAtomsRank1LongDesc,progression,perk,,x,,10% higher chance to dismember with explosives.,,,,,,,,,,,,,
perkReducedToAtomsRank2Desc,progression,perk,,x,,Mortar Master,,,,,,,,,,,,,
perkReducedToAtomsRank2LongDesc,progression,perk,,x,,20% higher chance to dismember with explosives.,,,,,,,,,,,,,
perkReducedToAtomsRank3Desc,progression,perk,,x,,Artillery Artist,,,,,,,,,,,,,
perkReducedToAtomsRank3LongDesc,progression,perk,,x,,30% higher chance to dismember with explosives.,,,,,,,,,,,,,
perkReducedToAtomsRank4Desc,progression,perk,,x,,Superior Firepower,,,,,,,,,,,,,
perkReducedToAtomsRank4LongDesc,progression,perk,,x,,40% higher chance to dismember with explosives.,,,,,,,,,,,,,
perkReducedToAtomsRank5Desc,progression,perk,,x,,Reduced to Atoms,,,,,,,,,,,,,
perkReducedToAtomsRank5LongDesc,progression,perk,,x,,50% higher chance to dismember with explosives.,,,,,,,,,,,,,
perkRoboticsInventor,progression,perk,,x,,Robotics Inventor,,,,,,,,,,,,,
perkRoboticsInventorName,progression,perk,,x,,Robotics Inventor,,,,,,,,,,,,,
perkRoboticsInventorDesc,progression,perk,,x,,"Overclock your robotic weapons to perform better, hold more ammo and reload them faster.",,,,,,,,,,,,,
perkRoboticsInventorRank1Desc,progression,perk,,x,,Tinkerer,,,,,,,,,,,,,
perkRoboticsInventorRank1LongDesc,progression,perk,,x,,"Robotic turrets fire 50% faster, deal 30% more damage, reload 10% faster and gain +20 magazine capacity.",,,,,,,,,,,,,
perkRoboticsInventorRank2Desc,progression,perk,,x,,Mechanical Engineer,,,,,,,,,,,,,
perkRoboticsInventorRank2LongDesc,progression,perk,,x,,"Robotic turrets fire 100% faster, deal 40% more damage, reload 20% faster and gain +40 magazine capacity.",,,,,,,,,,,,,
perkRoboticsInventorRank3Desc,progression,perk,,x,,Robotics Specialist,,,,,,,,,,,,,
perkRoboticsInventorRank3LongDesc,progression,perk,,x,,"Robotic turrets fire 150% faster, deal 50% more damage, reload 30% faster and gain +60 magazine capacity.",,,,,,,,,,,,,
perkAimBot,progression,perk,,x,,Aimbot,,,,,,,,,,,,,
perkAimBotName,progression,perk,,x,,Aimbot,,,,,,,,,,,,,
perkAimBotDesc,progression,perk,,x,,Upgrade the aiming software of your turrets to do more headshot damage and target limb weakpoints.,,,,,,,,,,,,,
perkAimbotRank1Desc,progression,perk,,x,,Console Commander,,,,,,,,,,,,,
perkAimbotRank1LongDesc,progression,perk,,x,,Deal 20% more headshot damage and have a 10% higher chance to dismember with robotics weapons.,,,,,,,,,,,,,
perkAimbotRank2Desc,progression,perk,,x,,Exploiter,,,,,,,,,,,,,
perkAimbotRank2LongDesc,progression,perk,,x,,Deal 40% more headshot damage and have a 20% higher chance to dismember with robotics weapons.,,,,,,,,,,,,,
perkAimbotRank3Desc,progression,perk,,x,,Script Kiddie,,,,,,,,,,,,,
perkAimbotRank3LongDesc,progression,perk,,x,,Deal 60% more headshot damage and have a 30% higher chance to dismember with robotics weapons.,,,,,,,,,,,,,
perkAimbotRank4Desc,progression,perk,,x,,Certified Hacker,,,,,,,,,,,,,
perkAimbotRank4LongDesc,progression,perk,,x,,Deal 80% more headshot damage and have a 40% higher chance to dismember with robotics weapons.,,,,,,,,,,,,,
perkAimbotRank5Desc,progression,perk,,x,,Aimbot,,,,,,,,,,,,,
perkAimbotRank5LongDesc,progression,perk,,x,,Deal 100% more headshot damage and have a 100% higher chance to dismember with robotics weapons.,,,,,,,,,,,,,
perkMultithreading,progression,perk,,x,,Multithreading,,,,,,,,,,,,,
perkMultithreadingName,progression,perk,,x,,Multithreading,,,,,,,,,,,,,
perkMultithreadingDesc,progression,perk,,x,,Upgrade your processing power to be able to keep more turrets active at longer ranges.,,,,,,,,,,,,,
perkMultithreadingRank1Desc,progression,perk,,x,,Quad Core,,,,,,,,,,,,,
perkMultithreadingRank1LongDesc,progression,perk,,x,,Place an additional robotic turret and keep your turrets active up to 15 metres.,,,,,,,,,,,,,
perkMultithreadingRank2Desc,progression,perk,,x,,Octo Core,,,,,,,,,,,,,
perkMultithreadingRank2LongDesc,progression,perk,,x,,Place two additional robotic turrets and keep your turrets active up to 20 metres.,,,,,,,,,,,,,
perkMultithreadingRank3Desc,progression,perk,,x,,Multithreading,,,,,,,,,,,,,
perkMultithreadingRank3LongDesc,progression,perk,,x,,Place three additional robotic turrets and keep your turrets active up to 25 metres.,,,,,,,,,,,,,
perkHealthNut,progression,perk,,x,,Health Nut,,,,,,,,,,,,,
perkHealthNutName,progression,perk,,x,,Health Nut,,,,,,,,,,,,,
perkHealthNutDesc,progression,perk,,x,,Improve your overall fitness to give yourself higher maximum health and stamina.,,,,,,,,,,,,,
perkHealthNutRank1Desc,progression,perk,,x,,Gym Bro,,,,,,,,,,,,,
perkHealthNutRank2Desc,progression,perk,,x,,Yoga Master,,,,,,,,,,,,,
perkHealthNutRank3Desc,progression,perk,,x,,Wellness Enthusiast,,,,,,,,,,,,,
perkHealthNutRank4Desc,progression,perk,,x,,Fitness Freak,,,,,,,,,,,,,
perkHealthNutRank5Desc,progression,perk,,x,,Health Nut,,,,,,,,,,,,,
perkHealthNutRank1LongDesc,progression,perk,,x,,Gain +10 max health and stamina.,,,,,,,,,,,,,
perkHealthNutRank2LongDesc,progression,perk,,x,,Gain +20 max health and stamina.,,,,,,,,,,,,,
perkHealthNutRank3LongDesc,progression,perk,,x,,Gain +30 max health and stamina.,,,,,,,,,,,,,
perkHealthNutRank4LongDesc,progression,perk,,x,,Gain +40 max health and stamina.,,,,,,,,,,,,,
perkHealthNutRank5LongDesc,progression,perk,,x,,Gain +50 max health and stamina.,,,,,,,,,,,,,
perkParkour,progression,perk,,x,,Parkour,,,,,,,,,,,,,
perkParkourName,progression,perk,,x,,Parkour,,,,,,,,,,,,,
perkParkourDesc,progression,perk,,x,,Improve your mobility and specialize in jumping higher and landing from dangerous falls safely.,,,,,,,,,,,,,
perkParkourRank1LongDesc,progression,perk,,x,,Jumping costs 10% less stamina. Increase safe fall distance by 1 metre.,,,,,,,,,,,,,
perkParkourRank2LongDesc,progression,perk,,x,,Jumping costs 20% less stamina. Increase safe fall distance by 2 metres and jump 1 metre higher.,,,,,,,,,,,,,
perkParkourRank3LongDesc,progression,perk,,x,,Jumping costs 30% less stamina. Increase safe fall distance by 3 metres and never break a leg when falling.,,,,,,,,,,,,,
perkParkourRank4LongDesc,progression,perk,,x,,Jumping costs 40% less stamina. Increase safe fall distance by 4 metres and never get a sprained or broken leg when falling.,,,,,,,,,,,,,
perkSuitedUp,progression,perk,,x,,Suited Up,,,,,,,,,,,,,
perkSuitedUpName,progression,perk,,x,,Suited Up,,,,,,,,,,,,,
perkSuitedUpDesc,progression,perk,,x,,"Improve your abilities with all kinds of armor, increasing your crit resistance and carry capacity with light, medium and heavy armor.",,,,,,,,,,,,,
perkSuitedUpRank1Desc,progression,perk,,x,,Legally Dressed,,,,,,,,,,,,,
perkSuitedUpRank2Desc,progression,perk,,x,,Well Equipped,,,,,,,,,,,,,
perkSuitedUpRank3Desc,progression,perk,,x,,Dressed To Impress,,,,,,,,,,,,,
perkSuitedUpRank4Desc,progression,perk,,x,,Suited Up,,,,,,,,,,,,,
perkSuitedUpRank1LongDesc,progression,perk,,x,,"Each piece of equipped armor increases critical resistance by 2.5% and gives 1 carry capacity.",,,,,,,,,,,,,
perkSuitedUpRank2LongDesc,progression,perk,,x,,"Each piece of equipped armor increases critical resistance by 5% and gives 2 carry capacity.",,,,,,,,,,,,,
perkSuitedUpRank3LongDesc,progression,perk,,x,,"Each piece of equipped armor increases critical resistance by 7.5% and gives 3 carry capacity.",,,,,,,,,,,,,
perkSuitedUpRank4LongDesc,progression,perk,,x,,"Each piece of equipped armor increases critical resistance by 10% and gives 4 carry capacity.",,,,,,,,,,,,,
perkMediumArmor,progression,perk,,x,,Medium Armor,,,,,,,,,,,,,
perkMediumArmorName,progression,perk,,x,,Medium Armor,,,,,,,,,,,,,
perkMediumArmorDesc,progression,perk,,x,,"Specialise in medium armors, improving your mobility, stamina usage and increasing resistance to bleed, abrasions, lacerations and infections.",,,,,,,,,,,,,
perkMediumArmorRank1LongDesc,progression,perk,,x,,"Reduce movement penalty by 15% and stamina penalty by 10% when wearing medium armor, additionally: \nGain 1.25% more resistance to bleed, abrasions, lacerations and infections per piece of equipped medium armor.",,,,,,,,,,,,,
perkMediumArmorRank2LongDesc,progression,perk,,x,,"Reduce movement penalty by 30% and stamina penalty by 20% when wearing medium armor, additionally: \nGain 2.5% more resistance to bleed, abrasions, lacerations and infections per piece of equipped medium armor.",,,,,,,,,,,,,
perkMediumArmorRank3LongDesc,progression,perk,,x,,"Reduce movement penalty by 50% and stamina penalty by 35% when wearing medium armor, additionally: \nGain 3.75% more resistance to bleed, abrasions, lacerations and infections per piece of equipped medium armor.",,,,,,,,,,,,,
perkMediumArmorRank4LongDesc,progression,perk,,x,,"Reduce movement penalty by 75% and stamina penalty by 50% when wearing medium armor, additionally: \nGain 5% more resistance to bleed, abrasions, lacerations and infections per piece of equipped medium armor.",,,,,,,,,,,,,
perkHeavyArmor,progression,perk,,x,,Heavy Armor,,,,,,,,,,,,,
perkHeavyArmorName,progression,perk,,x,,Heavy Armor,,,,,,,,,,,,,
perkHeavyArmorDesc,progression,perk,,x,,"Specialise in heavy armors, improving your mobility, stamina usage and increasing resistance to stuns, concussions, fatigues, sprains and gain melee damage when in full heavy armor.",,,,,,,,,,,,,
perkHeavyArmorRank1LongDesc,progression,perk,,x,,"Reduce movement and stamina penalty by 5% when wearing heavy armor, additionally: \nGain 1.25% more resistance to stuns, concussions, fatigues and sprains per piece of equipped heavy armor. \nWhen wearing full heavy armor, deal 5% more melee damage.",,,,,,,,,,,,,
perkHeavyArmorRank2LongDesc,progression,perk,,x,,"Reduce movement and stamina penalty by 10% when wearing heavy armor, additionally: \nGain 2.5% more resistance to stuns, concussions, fatigues and sprains per piece of equipped heavy armor. \nWhen wearing full heavy armor, deal 10% more melee damage.",,,,,,,,,,,,,
perkHeavyArmorRank3LongDesc,progression,perk,,x,,"Reduce movement and stamina penalty by 17% when wearing heavy armor, additionally: \nGain 3.75% more resistance to stuns, concussions, fatigues and sprains per piece of equipped heavy armor. \nWhen wearing full heavy armor, deal 15% more melee damage.",,,,,,,,,,,,,
perkHeavyArmorRank4LongDesc,progression,perk,,x,,"Reduce movement and stamina penalty by 25% when wearing heavy armor, additionally: \nGain 5% more resistance to stuns, concussions, fatigues and sprains per piece of equipped heavy armor. \nWhen wearing full heavy armor, deal 20% more melee damage.",,,,,,,,,,,,,
perkHiddenStrike,progression,perk,,x,,Hidden Strike,,,,,,,,,,,,,
perkHiddenStrikeName,progression,perk,,x,,Hidden Strike,,,,,,,,,,,,,
perkHiddenStrikeDesc,progression,perk,,x,,Specialise in catching your enemies unaware while you are sneaking and they don't detect you.,,,,,,,,,,,,,
perkHiddenStrikeRank1LongDesc,progression,perk,,x,,Sneak attacks deal 150% more damage.,,,,,,,,,,,,,
perkHiddenStrikeRank2LongDesc,progression,perk,,x,,Sneak attacks deal 200% more damage.,,,,,,,,,,,,,
perkHiddenStrikeRank3LongDesc,progression,perk,,x,,Sneak attacks deal 250% more damage.,,,,,,,,,,,,,
perkFromTheShadows,progression,perk,,x,,From The Shadows,,,,,,,,,,,,,
perkFromTheShadowsName,progression,perk,,x,,From The Shadows,,,,,,,,,,,,,
perkFromTheShadowsDesc,progression,perk,,x,,Specialise in sneaking around in the dark and making less noise in general.,,,,,,,,,,,,,
perkFromTheShadowsRank1LongDesc,progression,perk,,x,,"Hide in the shadows 20% more effectively, noises from actions are muffled 20%, and sneak movement is 20% faster. \nEnemies will search for you for up to 30 seconds.",,,,,,,,,,,,,
perkFromTheShadowsRank2LongDesc,progression,perk,,x,,"Hide in the shadows 40% more effectively, noises from actions are muffled 40%, and sneak movement is 40% faster. \nEnemies will search for you for up to 25 seconds.",,,,,,,,,,,,,
perkFromTheShadowsRank3LongDesc,progression,perk,,x,,"Hide in the shadows 65% more effectively, noises from actions are muffled 60%, and sneak movement is 60% faster. \nEnemies will search for you for up to 20 seconds.",,,,,,,,,,,,,
perkInfiltrator,progression,perk,,x,,The Infiltrator,,,,,,,,,,,,,
perkInfiltratorName,progression,perk,,x,,The Infiltrator,,,,,,,,,,,,,
perkInfiltratorDesc,progression,perk,,x,,Use your heightened agility to take less damage from traps.,,,,,,,,,,,,,
perkInfiltratorRank1LongDesc,progression,perk,,x,,"Pick up tin land mines, Take 50% less damage from land mines and traps trigger 2 seconds slower.",,,,,,,,,,,,,
perkInfiltratorRank2LongDesc,progression,perk,,x,,"Pick up cooking pot mines, Take 60% less damage from land mines and traps trigger 3 seconds slower.",,,,,,,,,,,,,
perkInfiltratorRank3LongDesc,progression,perk,,x,,"Pick up all mines, Take 75% less damage from land mines and traps trigger 5 seconds slower.",,,,,,,,,,,,,
perkMetabolismDesc,progression,perk,,x,,"Specialise in gut health to use less calories and better digest food. Also makes you use less oxygen when swimming (for some bizzarre fucking reason)",,,,,,,,,,,,,
perkMetabolismRank1Desc,progression,perk,,x,,Leaky Gut,,,,,,,,,,,,,
perkMetabolismRank2Desc,progression,perk,,x,,Strong Constitution,,,,,,,,,,,,,
perkMetabolismRank3Desc,progression,perk,,x,,Great Metabolism,,,,,,,,,,,,,
perkMetabolismRank4Desc,progression,perk,,x,,Intrinsic Immunity,,,,,,,,,,,,,
perkMetabolismRank5Desc,progression,perk,,x,,Iron Gut,,,,,,,,,,,,,
perkMetabolismRank1LongDesc,progression,perk,,x,,"Use 5% less food to restore stamina, chance of dysentary is reduced by 1%, hold your breath for 84 seconds and buffs from consumables last 10% longer.",,,,,,,,,,,,,
perkMetabolismRank2LongDesc,progression,perk,,x,,"Use 10% less food to restore stamina, chance of dysentary is reduced by 2%, hold your breath for 108 seconds and buffs from consumables last 20% longer.",,,,,,,,,,,,,
perkMetabolismRank3LongDesc,progression,perk,,x,,"Use 15% less food to restore stamina, chance of dysentary is reduced by 3%, hold your breath for 132 seconds and buffs from consumables last 30% longer.",,,,,,,,,,,,,
perkMetabolismRank4LongDesc,progression,perk,,x,,"Use 20% less food to restore stamina, chance of dysentary is reduced by 4%, hold your breath for 156 seconds and buffs from consumables last 40% longer.",,,,,,,,,,,,,
perkMetabolismRank5LongDesc,progression,perk,,x,,"Use 25% less food to restore stamina, chance of dysentary is reduced by 5%, hold your breath for 180 seconds and buffs from consumables last 50% longer.",,,,,,,,,,,,,
perkPainTolerance,progression,perk,,x,,Pain Tolerance,,,,,,,,,,,,,
perkPainToleranceName,progression,perk,,x,,Pain Tolerance,,,,,,,,,,,,,
perkPainToleranceDesc,progression,perk,,x,,"Specialise in shrugging off blows, fighting through the pain and staying in the fight.",,,,,,,,,,,,,
perkPainToleranceRank1LongDesc,progression,perk,,x,,"Take 10% less damage (Calculated after armor rating), and gain 30% resistance to stuns and concussions.",,,,,,,,,,,,,
perkPainToleranceRank2LongDesc,progression,perk,,x,,"Take 20% less damage (Calculated after armor rating), and gain 66% resistance to stuns and concussions.",,,,,,,,,,,,,
perkPainToleranceRank3LongDesc,progression,perk,,x,,"Take 30% less damage (Calculated after armor rating), and gain 100% resistance to stuns and concussions.",,,,,,,,,,,,,
perkTheHuntsman,progression,perk,,x,,The Hunstman,,,,,,,,,,,,,
perkTheHuntsmanName,progression,perk,,x,,The Hunstman,,,,,,,,,,,,,
perkTheHuntsmanDesc,progression,perk,,x,,"Specialise in harvesting more meat, bone and leather from dead animals.",,,,,,,,,,,,,
perkTheHuntsmanRank1LongDesc,progression,perk,,x,,Harvest 30% more resources from animals with any bladed tool or weapon.,,,,,,,,,,,,,
perkTheHuntsmanRank2LongDesc,progression,perk,,x,,Harvest 66% more resources from animals with any bladed tool or weapon.,,,,,,,,,,,,,
perkTheHuntsmanRank3LongDesc,progression,perk,,x,,Harvest 100% more resources from animals with any bladed tool or weapon.,,,,,,,,,,,,,
perkTheCamel,progression,perk,,x,,The Camel,,,,,,,,,,,,,
perkTheCamelName,progression,perk,,x,,The Camel,,,,,,,,,,,,,
perkTheCamelDesc,progression,perk,,x,,Specialise in using less water to restore stamina allowing you to go longer before dehydration affects you.,,,,,,,,,,,,,
perkTheCamelRank1Desc,progression,perk,,x,,Empty Glass Jar,,,,,,,,,,,,,
perkTheCamelRank2Desc,progression,perk,,x,,Certified Succulent,,,,,,,,,,,,,
perkTheCamelRank3Desc,progression,perk,,x,,The Camel,,,,,,,,,,,,,
perkTheCamelRank1LongDesc,progression,perk,,x,,Use 10% less water to restore stamina.,,,,,,,,,,,,,
perkTheCamelRank2LongDesc,progression,perk,,x,,Use 20% less water to restore stamina.,,,,,,,,,,,,,
perkTheCamelRank3LongDesc,progression,perk,,x,,Use 30% less water to restore stamina.,,,,,,,,,,,,,
perkMiner69rDesc,progression,perk,,x,,Deal more block damage with mining tools.,,,,,,,,,,,,,
perkMiner69erRank1LongDesc,progression,perk,,x,,Deal 20% more block damage with mining tools.,,,,,,,,,,,,,
perkMiner69erRank2LongDesc,progression,perk,,x,,Deal 40% more block damage with mining tools.,,,,,,,,,,,,,
perkMiner69erRank3LongDesc,progression,perk,,x,,Deal 60% more block damage with mining tools.,,,,,,,,,,,,,
perkMiner69erRank4LongDesc,progression,perk,,x,,Deal 80% more block damage with mining tools.,,,,,,,,,,,,,
perkMiner69erRank5LongDesc,progression,perk,,x,,Deal 100% more block damage with mining tools.,,,,,,,,,,,,,
perkSalvageOperationsDesc,progression,perk,,x,,Deal more block damage with salvage tools.,,,,,,,,,,,,,
perkSalvageOperationsRank1LongDesc,progression,perk,,x,,Deal 20% more block damage with salvage tools.,,,,,,,,,,,,,
perkSalvageOperationsRank2LongDesc,progression,perk,,x,,Deal 40% more block damage with salvage tools.,,,,,,,,,,,,,
perkSalvageOperationsRank3LongDesc,progression,perk,,x,,Deal 60% more block damage with salvage tools.,,,,,,,,,,,,,
perkSalvageOperationsRank4LongDesc,progression,perk,,x,,Deal 80% more block damage with salvage tools.,,,,,,,,,,,,,
perkSalvageOperationsRank5LongDesc,progression,perk,,x,,Deal 100% more block damage with salvage tools.,,,,,,,,,,,,,
perkScrapHeapMaster,progression,perk,,x,,Scrapheap Master,,,,,,,,,,,,,
perkScrapMasterName,progression,perk,,x,,Scrapheap Master,,,,,,,,,,,,,
perkScrapMasterDesc,progression,perk,,x,,Specialise in finding more useful components when salvaging.,,,,,,,,,,,,,
perkScrapheapMasterRank1Desc,progression,perk,,x,,Scrapper,,,,,,,,,,,,,
perkScrapheapMasterRank2Desc,progression,perk,,x,,Dumpster Diver,,,,,,,,,,,,,
perkScrapheapMasterRank3Desc,progression,perk,,x,,Salvage Savant,,,,,,,,,,,,,
perkScrapheapMasterRank4Desc,progression,perk,,x,,Expert Deconstructor,,,,,,,,,,,,,
perkScrapheapMasterRank5Desc,progression,perk,,x,,Scrapheap Master,,,,,,,,,,,,,
perkScrapheapMasterRank1LongDesc,progression,perk,,x,,Harvest 10% more resources with salvaging tools.,,,,,,,,,,,,,
perkScrapheapMasterRank2LongDesc,progression,perk,,x,,Harvest 20% more resources with salvaging tools.,,,,,,,,,,,,,
perkScrapheapMasterRank3LongDesc,progression,perk,,x,,Harvest 30% more resources with salvaging tools.,,,,,,,,,,,,,
perkScrapheapMasterRank4LongDesc,progression,perk,,x,,Harvest 40% more resources with salvaging tools.,,,,,,,,,,,,,
perkScrapheapMasterRank5LongDesc,progression,perk,,x,,Harvest 50% more resources with salvaging tools.,,,,,,,,,,,,,
perkBadMechanic,progression,perk,,x,,Bad Mechanic,,,,,,,,,,,,,
perkBadMechanicName,progression,perk,,x,,Bad Mechanic,,,,,,,,,,,,,
perkBadMechanicDesc,progression,perk,,x,,Specialise in gathering even more resources from cars with salvaging tools.,,,,,,,,,,,,,
perkBadMechanicRank1Desc,progression,perk,,x,,Gas Siphoneer,,,,,,,,,,,,,
perkBadMechanicRank2Desc,progression,perk,,x,,Wheel Dealer,,,,,,,,,,,,,
perkBadMechanicRank3Desc,progression,perk,,x,,Steel Worker,,,,,,,,,,,,,
perkBadMechanicRank1LongDesc,progression,perk,,x,,Harvest 30% more gas from cars.,,,,,,,,,,,,,
perkBadMechanicRank2LongDesc,progression,perk,,x,,"Harvest 60% more gas from cars and occasionally get wheels when harvesting cars.",,,,,,,,,,,,,
perkBadMechanicRank3LongDesc,progression,perk,,x,,"Harvest 100% more gas from cars and get steel from cars and shopping carts.",,,,,,,,,,,,,
perkFastEddie,progression,perk,,x,,Fast Eddie,,,,,,,,,,,,,
perkFastEddieName,progression,perk,,x,,Fast Eddie,,,,,,,,,,,,,
perkFastEddieDesc,progression,perk,,x,,Specialise in looting containers faster.,,,,,,,,,,,,,
perkFastEddieRank1Desc,progression,perk,,x,,Hungry Hippo,,,,,,,,,,,,,
perkFastEddieRank2Desc,progression,perk,,x,,Nimble fingers,,,,,,,,,,,,,
perkFastEddieRank3Desc,progression,perk,,x,,Fast Eddie,,,,,,,,,,,,,
perkFastEddieRank1LongDesc,progression,perk,,x,,Open containers 10% faster.,,,,,,,,,,,,,
perkFastEddieRank2LongDesc,progression,perk,,x,,Open containers 20% faster.,,,,,,,,,,,,,
perkFastEddieRank3LongDesc,progression,perk,,x,,Open containers 30% faster.,,,,,,,,,,,,,
perkQualityJoe,progression,perk,,x,,Quality Joe,,,,,,,,,,,,,
perkQualityJoeName,progression,perk,,x,,Quality Joe,,,,,,,,,,,,,
perkQualityJoeDesc,progression,perk,,x,,Specialise in finding the best loot.,,,,,,,,,,,,,
perkQualityJoeRank1Desc,progression,perk,,x,,Bargain Hunter,,,,,,,,,,,,,
perkQualityJoeRank2Desc,progression,perk,,x,,Professional Shopper,,,,,,,,,,,,,
perkQualityJoeRank3Desc,progression,perk,,x,,Quality Joe,,,,,,,,,,,,,
perkQualityJoeRank1LongDesc,progression,perk,,x,,Gain 10% higher lootstage.,,,,,,,,,,,,,
perkQualityJoeRank2LongDesc,progression,perk,,x,,Gain 20% higher lootstage.,,,,,,,,,,,,,
perkQualityJoeRank3LongDesc,progression,perk,,x,,Gain 30% higher lootstage.,,,,,,,,,,,,,
perkLockpicking,progression,perk,,x,,Lockpicking,,,,,,,,,,,,,
perkLockpickingName,progression,perk,,x,,Lockpicking,,,,,,,,,,,,,
perkLockpickingDesc,progression,perk,,x,,"Specialise in opening up the most secure containers, where inevitably, the best loot is kept.",,,,,,,,,,,,,
perkLockpickingRank1Desc,progression,perk,,x,,Burglar,,,,,,,,,,,,,
perkLockpickingRank2Desc,progression,perk,,x,,Lock Smith,,,,,,,,,,,,,
perkLockpickingRank3Desc,progression,perk,,x,,Safe Cracker,,,,,,,,,,,,,
perkLockpickingRank4Desc,progression,perk,,x,,Vault Hunter,,,,,,,,,,,,,
perkLockpickingRank5Desc,progression,perk,,x,,Master Thief,,,,,,,,,,,,,
perkLockpickingRank1LongDesc,progression,perk,,x,,"Lockpicking is 10% faster and you are 10% less likely to break a lockick. Gain an extra lockpick wherever they are looted.",,,,,,,,,,,,,
perkLockpickingRank2LongDesc,progression,perk,,x,,"Lockpicking is 20% faster and you are 20% less likely to break a lockick. Gain two extra lockpicks wherever they are looted.",,,,,,,,,,,,,
perkLockpickingRank3LongDesc,progression,perk,,x,,"Lockpicking is 30% faster and you are 30% less likely to break a lockick. Gain three extra lockpicks wherever they are looted.",,,,,,,,,,,,,
perkLockpickingRank4LongDesc,progression,perk,,x,,Lockpicking is 40% faster and you are 40% less likely to break a lockick.,,,,,,,,,,,,,
perkLockpickingRank5LongDesc,progression,perk,,x,,Lockpicking is 50% faster and you are 50% less likely to break a lockick.,,,,,,,,,,,,,
perkAdvancedEngineering,progression,perk,,x,,Advanced Engineering,,,,,,,,,,,,,
perkAdvancedEngineeringName,progression,perk,,x,,Advanced Engineering,,,,,,,,,,,,,
perkAdvancedEngineeringDesc,progression,perk,,x,,"Specialise in becoming a more efficient crafter. Unlocks Dew Collectors, Workbenches, Lockpicks, Cement Mixers and Nail Guns.",,,,,,,,,,,,,
perkAdvancedEngineeringRank1LongDesc,progression,perk,,x,,"Craft glue 20% cheaper. \nUnlocks: Dew Collector",,,,,,,,,,,,,
perkAdvancedEngineeringRank2LongDesc,progression,perk,,x,,"Unlocks: Workbench and Dew Collector Gatherer mod.",,,,,,,,,,,,,
perkAdvancedEngineeringRank3LongDesc,progression,perk,,x,,"Forge recipes cost 10% less, crafting forged steel and electrical devices cost 15% less. \nUnlocks: Lockpicks and Dew Collector Tarp mod",,,,,,,,,,,,,
perkAdvancedEngineeringRank4LongDesc,progression,perk,,x,,"Forge recipes cost 15% less, crafting forged steel and electrical devices cost 25% less. \nUnlocks: Cement Mixer",,,,,,,,,,,,,
perkAdvancedEngineeringRank5LongDesc,progression,perk,,x,,"Forge recipes cost 20% less, crafting forged steel and electrical devices cost 35% less. \nUnlocks: Nail Gun and Dew Collector Water Filter Mod",,,,,,,,,,,,,
perkElectrician,progression,perk,,x,,Electrician,,,,,,,,,,,,,
perkElectricianName,progression,perk,,x,,Electrician,,,,,,,,,,,,,
perkElectricianDesc,progression,perk,,x,,Specialise in all things electronic. Unlock a variety of electrical recipes including traps.,,,,,,,,,,,,,
perkElectricianRank1Desc,progression,perk,,x,,Novice,,,,,,,,,,,,,
perkElectricianRank2Desc,progression,perk,,x,,Apprentice,,,,,,,,,,,,,
perkElectricianRank3Desc,progression,perk,,x,,Journeyman,,,,,,,,,,,,,
perkElectricianRank4Desc,progression,perk,,x,,Expert,,,,,,,,,,,,,
perkElectricianRank5Desc,progression,perk,,x,,Master,,,,,,,,,,,,,
perkElectricianRank1LongDesc,progression,perk,,x,,"Unlocks: Generator Bank, Electric Wire Relays, Switches, Trip Wire Posts and Lights. \nGain 15% XP from electrical trap kills.",,,,,,,,,,,,,
perkElectricianRank2LongDesc,progression,perk,,x,,"Unlocks: Motion sensors, Timed Relays, Pressure Plates, Spotlights, Speakers, Battery Banks, Powered Doors and Hatches and Drawbridges. \nUnlock and Craft Level 3 Batteries and gain 30% XP from electrical trap kills.",,,,,,,,,,,,,
perkElectricianRank3LongDesc,progression,perk,,x,,"Unlocks: Electric Fence Posts, Dart Traps and Blade Traps. \nCraft Level 4 Batteries and gain 45% XP from electrical trap kills.",,,,,,,,,,,,,
perkElectricianRank4LongDesc,progression,perk,,x,,"Unlocks: Shotgun Auto Turrets. \nCraft Level 5 Batteries and gain 60% XP from electrical trap kills.",,,,,,,,,,,,,
perkElectricianRank5LongDesc,progression,perk,,x,,"Unlocks: SMG Auto Turrets. \nCraft Level 6 Batteries and gain 75% XP from electrical trap kills.",,,,,,,,,,,,,
perkBlacksmithCrafting,progression,perk,,x,,Blacksmithing,,,,,,,,,,,,,
perkBlacksmithCraftingName,progression,perk,,x,,Blacksmithing,,,,,,,,,,,,,
perkBlacksmithCraftingDesc,progression,perk,,x,,"Specialise in crafting melee weapons and tools as well as using forges. Unlocks: Forge and Forge Tools.",,,,,,,,,,,,,
perkBlacksmithCraftingRank1Desc,progression,perk,,x,,Novice,,,,,,,,,,,,,
perkBlacksmithCraftingRank2Desc,progression,perk,,x,,Apprentice,,,,,,,,,,,,,
perkBlacksmithCraftingRank3Desc,progression,perk,,x,,Journeyman,,,,,,,,,,,,,
perkBlacksmithCraftingRank4Desc,progression,perk,,x,,Expert,,,,,,,,,,,,,
perkBlacksmithCraftingRank5Desc,progression,perk,,x,,Master,,,,,,,,,,,,,
perkBlacksmithCraftingRank1LongDesc,progression,perk,,x,,"Craft level 2 melee weapons and tools. \nUnlocks: Forge",,,,,,,,,,,,,
perkBlacksmithCraftingRank2LongDesc,progression,perk,,x,,"Craft level 3 melee weapons and tools. \nUnlocks: Advanced Bellows",,,,,,,,,,,,,
perkBlacksmithCraftingRank3LongDesc,progression,perk,,x,,"Craft level 4 melee weapons and tools. \nUnlocks: Anvil",,,,,,,,,,,,,
perkBlacksmithCraftingRank4LongDesc,progression,perk,,x,,"Craft level 5 melee weapons and tools. \nUnlocks: Crucible",,,,,,,,,,,,,
perkBlacksmithCraftingRank5LongDesc,progression,perk,,x,,Craft level 6 melee weapons and tools.,,,,,,,,,,,,,
perkMedicalCrafting,progression,perk,,x,,Medical Crafting,,,,,,,,,,,,,
perkMedicalCraftingName,progression,perk,,x,,Medical Crafting,,,,,,,,,,,,,
perkMedicalCraftingDesc,progression,perk,,x,,Specialise in formulating drugs and crafting medical items.,,,,,,,,,,,,,
perkMedicalCraftingRank1Desc,progression,perk,,x,,First Aider,,,,,,,,,,,,,
perkMedicalCraftingRank2Desc,progression,perk,,x,,Pharmacist,,,,,,,,,,,,,
perkMedicalCraftingRank3Desc,progression,perk,,x,,Chemist,,,,,,,,,,,,,
perkMedicalCraftingRank4Desc,progression,perk,,x,,Drug Lord,,,,,,,,,,,,,
perkMedicalCraftingRank1LongDesc,progression,perk,,x,,Unlocks: First Aid Bandage.,,,,,,,,,,,,,
perkMedicalCraftingRank2LongDesc,progression,perk,,x,,"Unlocks: Plaster Cast, Fortbites, Recog and Herbal Antibiotics.",,,,,,,,,,,,,
perkMedicalCraftingRank3LongDesc,progression,perk,,x,,"Unlocks: First Aid Kit, Antibiotics and Chemistry Station.",,,,,,,,,,,,,
perkMedicalCraftingRank4LongDesc,progression,perk,,x,,Unlocks: Steroids.,,,,,,,,,,,,,
perkBluntCrafting,progression,perk,,x,,Blunt Crafting,,,,,,,,,,,,,
perkBluntCraftingName,progression,perk,,x,,Blunt Crafting,,,,,,,,,,,,,
perkBluntCraftingDesc,progression,perk,,x,,Use your expertise with blunt weapons to innovate new and violent ways to bludgeon your enemies.,,,,,,,,,,,,,
perkBluntCraftingRank1Desc,progression,perk,,x,,Steel Blunt Weapons,,,,,,,,,,,,,
perkBluntCraftingRank1LongDesc,progression,perk,,x,,"Unlocks: Steel Club, Knuckles and Sledgehammer.",,,,,,,,,,,,,
perkBladeCrafting,progression,perk,,x,,Blade Crafting,,,,,,,,,,,,,
perkBladeCraftingName,progression,perk,,x,,Blade Crafting,,,,,,,,,,,,,
perkBladeCraftingDesc,progression,perk,,x,,Use your expertise with bladed weapons to innovate new weapons.,,,,,,,,,,,,,
perkBladeCraftingRank1Desc,progression,perk,,x,,Steel Blades,,,,,,,,,,,,,
perkBladeCraftingRank1LongDesc,progression,perk,,x,,Unlocks: Steel Machete.,,,,,,,,,,,,,
perkPierceCrafting,progression,perk,,x,,Pierce Crafting,,,,,,,,,,,,,
perkPierceCraftingName,progression,perk,,x,,Pierce Crafting,,,,,,,,,,,,,
perkPierceCraftingDesc,progression,perk,,x,,Use your expertise with piercing weapons to innovate new weapons.,,,,,,,,,,,,,
perkPierceCraftingRank1Desc,progression,perk,,x,,Steel Piercing Weapons,,,,,,,,,,,,,
perkPierceCraftingRank1LongDesc,progression,perk,,x,,Unlocks: Steel Spear.,,,,,,,,,,,,,
perkMiningCrafting,progression,perk,,x,,Mining Tool Crafting,,,,,,,,,,,,,
perkMiningCraftingName,progression,perk,,x,,Mining Tool Crafting,,,,,,,,,,,,,
perkMiningCraftingDesc,progression,perk,,x,,Innovate new mining tools using your advanced undertanding of mining.,,,,,,,,,,,,,
perkMiningCraftingRank1Desc,progression,perk,,x,,Steel Tools,,,,,,,,,,,,,
perkMiningCraftingRank2Desc,progression,perk,,x,,Motor Tools,,,,,,,,,,,,,
perkMiningCraftingRank1LongDesc,progression,perk,,x,,"Unlocks: Steel Pickaxe, Axe and Shovel.",,,,,,,,,,,,,
perkMiningCraftingRank2LongDesc,progression,perk,,x,,Unlocks: Auger and Chainsaw.,,,,,,,,,,,,,
perkSalvageCrafting,progression,perk,,x,,Salvage Tool Crafting,,,,,,,,,,,,,
perkSalvageCraftingName,progression,perk,,x,,Salvage Tool Crafting,,,,,,,,,,,,,
perkSalvageCraftingDesc,progression,perk,,x,,Innovate new salvaging tools using your advanced understanding of salvaging.,,,,,,,,,,,,,
perkSalvageCraftingRank1Desc,progression,perk,,x,,Steel Ratchet,,,,,,,,,,,,,
perkSalvageCraftingRank2Desc,progression,perk,,x,,Impact Driver,,,,,,,,,,,,,
perkSalvageCraftingRank1LongDesc,progression,perk,,x,,Unlocks: Steel Ratchet.,,,,,,,,,,,,,
perkSalvageCraftingRank2LongDesc,progression,perk,,x,,Unlocks: Impact Driver.,,,,,,,,,,,,,
perkBowCrafting,progression,perk,,x,,Bow Crafting,,,,,,,,,,,,,
perkBowCraftingName,progression,perk,,x,,Bow Crafting,,,,,,,,,,,,,
perkBowCraftingDesc,progression,perk,,x,,Use your mastery of archery and engineering to create new bow and crossbow designs and craft higher level archery weapons.,,,,,,,,,,,,,
perkBowCraftingRank1Desc,progression,perk,,x,,Novice,,,,,,,,,,,,,
perkBowCraftingRank2Desc,progression,perk,,x,,Apprentice,,,,,,,,,,,,,
perkBowCraftingRank3Desc,progression,perk,,x,,Journeyman,,,,,,,,,,,,,
perkBowCraftingRank4Desc,progression,perk,,x,,Expert,,,,,,,,,,,,,
perkBowCraftingRank5Desc,progression,perk,,x,,Master,,,,,,,,,,,,,
perkBowCraftingRank1LongDesc,progression,perk,,x,,"Craft level 2 archery weapons. \nUnlocks: Wooden Bow",,,,,,,,,,,,,
perkBowCraftingRank2LongDesc,progression,perk,,x,,"Craft level 3 archery weapons. \nUnlocks: Iron Crossbow",,,,,,,,,,,,,
perkBowCraftingRank3LongDesc,progression,perk,,x,,"Craft level 4 archery weapons. \nUnlocks: Compound Bow",,,,,,,,,,,,,
perkBowCraftingRank4LongDesc,progression,perk,,x,,"Craft level 5 archery weapons. \nUnlocks: Compound Crossbow ",,,,,,,,,,,,,
perkBowCraftingRank5LongDesc,progression,perk,,x,,Craft level 6 archery weapons.,,,,,,,,,,,,,
perkGunsmithCrafting,progression,perk,,x,,Gunsmithing,,,,,,,,,,,,,
perkGunsmithCraftingName,progression,perk,,x,,Gunsmithing,,,,,,,,,,,,,
perkGunsmithCraftingDesc,progression,perk,,x,,Use your engineering skills to develop more powerful firearms.,,,,,,,,,,,,,
perkGunsmithCraftingRank1Desc,progression,perk,,x,,Novice,,,,,,,,,,,,,
perkGunsmithCraftingRank2Desc,progression,perk,,x,,Apprentice,,,,,,,,,,,,,
perkGunsmithCraftingRank3Desc,progression,perk,,x,,Journeyman,,,,,,,,,,,,,
perkGunsmithCraftingRank4Desc,progression,perk,,x,,Expert,,,,,,,,,,,,,
perkGunsmithCraftingRank5Desc,progression,perk,,x,,Master,,,,,,,,,,,,,
perkGunsmithCraftingRank1LongDesc,progression,perk,,x,,Craft level 2 firearms.,,,,,,,,,,,,,
perkGunsmithCraftingRank2LongDesc,progression,perk,,x,,Craft level 3 firearms.,,,,,,,,,,,,,
perkGunsmithCraftingRank3LongDesc,progression,perk,,x,,Craft level 4 firearms.,,,,,,,,,,,,,
perkGunsmithCraftingRank4LongDesc,progression,perk,,x,,Craft level 5 firearms.,,,,,,,,,,,,,
perkGunsmithCraftingRank5LongDesc,progression,perk,,x,,Craft level 6 firearms.,,,,,,,,,,,,,
perkPistolCrafting,progression,perk,,x,,Pistol Crafting,,,,,,,,,,,,,
perkPistolCraftingName,progression,perk,,x,,Pistol Crafting,,,,,,,,,,,,,
perkPistolCraftingDesc,progression,perk,,x,,Use your expertise in pistols to develop new handguns and SMGs.,,,,,,,,,,,,,
perkPistolCraftingRank1Desc,progression,perk,,x,,9mm Handgun,,,,,,,,,,,,,
perkPistolCraftingRank2Desc,progression,perk,,x,,.44 Revolver,,,,,,,,,,,,,
perkPistolCraftingRank3Desc,progression,perk,,x,,Desert Vulture & SMG,,,,,,,,,,,,,
perkPistolCraftingRank1LongDesc,progression,perk,,x,,Unlocks: 9mm Pistol.,,,,,,,,,,,,,
perkPistolCraftingRank2LongDesc,progression,perk,,x,,Unlocks: .44 Magnum.,,,,,,,,,,,,,
perkPistolCraftingRank3LongDesc,progression,perk,,x,,Unlocks: Desert Vulture and SMG-5.,,,,,,,,,,,,,
perkShotgunCrafting,progression,perk,,x,,Shotgun Crafting,,,,,,,,,,,,,
perkShotgunCraftingName,progression,perk,,x,,Shotgun Crafting,,,,,,,,,,,,,
perkShotgunCraftingDesc,progression,perk,,x,,Use your expertise in shotguns to develop new shotguns.,,,,,,,,,,,,,
perkShotgunCraftingRank1Desc,progression,perk,,x,,Double Barrel,,,,,,,,,,,,,
perkShotgunCraftingRank2Desc,progression,perk,,x,,Pump Action,,,,,,,,,,,,,
perkShotgunCraftingRank3Desc,progression,perk,,x,,Auto Shotgun,,,,,,,,,,,,,
perkShotgunCraftingRank1LongDesc,progression,perk,,x,,Unlocks: Double Barrel Shotgun.,,,,,,,,,,,,,
perkShotgunCraftingRank2LongDesc,progression,perk,,x,,Unlocks: Pump Action Shotgun.,,,,,,,,,,,,,
perkShotgunCraftingRank3LongDesc,progression,perk,,x,,Unlocks: Auto Shotgun.,,,,,,,,,,,,,
perkRifleCrafting,progression,perk,,x,,Rifle Crafting,,,,,,,,,,,,,
perkRifleCraftingName,progression,perk,,x,,Rifle Crafting,,,,,,,,,,,,,
perkRifleCraftingDesc,progression,perk,,x,,Use your expertise in rifles to develop new non-automatic rifles.,,,,,,,,,,,,,
perkRifleCraftingRank1Desc,progression,perk,,x,,Hunting Rifle,,,,,,,,,,,,,
perkRifleCraftingRank2Desc,progression,perk,,x,,Lever Action Rifle,,,,,,,,,,,,,
perkRifleCraftingRank3Desc,progression,perk,,x,,Sniper Rifle,,,,,,,,,,,,,
perkRifleCraftingRank1LongDesc,progression,perk,,x,,Unlocks: Hunting Rifle.,,,,,,,,,,,,,
perkRifleCraftingRank2LongDesc,progression,perk,,x,,Unlocks: Lever Action Rifle.,,,,,,,,,,,,,
perkRifleCraftingRank3LongDesc,progression,perk,,x,,Unlocks: Sniper Rifle.,,,,,,,,,,,,,
perkAutoRifleCrafting,progression,perk,,x,,Automatic Rifle Crafting,,,,,,,,,,,,,
perkAutoRifleCraftingName,progression,perk,,x,,Automatic Rifle Crafting,,,,,,,,,,,,,
perkAutoRifleCraftingDesc,progression,perk,,x,,Use your expertise in automatic rifles to develop new assault rifles and machine guns.,,,,,,,,,,,,,
perkAutoRifleCraftingRank1Desc,progression,perk,,x,,AK-47,,,,,,,,,,,,,
perkAutoRifleCraftingRank2Desc,progression,perk,,x,,Tactical Assault Rifle,,,,,,,,,,,,,
perkAutoRifleCraftingRank3Desc,progression,perk,,x,,M60 Machine Gun,,,,,,,,,,,,,
perkAutoRifleCraftingRank1LongDesc,progression,perk,,x,,Unlocks: AK-47.,,,,,,,,,,,,,
perkAutoRifleCraftingRank2LongDesc,progression,perk,,x,,Unlocks: Tactical Assault Rifle.,,,,,,,,,,,,,
perkAutoRifleCraftingRank3LongDesc,progression,perk,,x,,Unlocks: M60 Machine Gun.,,,,,,,,,,,,,
perk9mmCrafting,progression,perk,,x,,9mm Crafting,,,,,,,,,,,,,
perk9mmCraftingName,progression,perk,,x,,9mm Crafting,,,,,,,,,,,,,
perk9mmCraftingDesc,progression,perk,,x,,Use your engineering expertise to make custom 9mm ammunition.,,,,,,,,,,,,,
perk9mmCraftingRank1Desc,progression,perk,,x,,9mm Bullet,,,,,,,,,,,,,
perk9mmCraftingRank2Desc,progression,perk,,x,,9mm HiPower,,,,,,,,,,,,,
perk9mmCraftingRank3Desc,progression,perk,,x,,9mm Armor Piercing,,,,,,,,,,,,,
perk9mmCraftingRank4Desc,progression,perk,,x,,9mm Bulk Crafter,,,,,,,,,,,,,
perk9mmCraftingRank1LongDesc,progression,perk,,x,,Unlocks: 9mm Bullet.,,,,,,,,,,,,,
perk9mmCraftingRank2LongDesc,progression,perk,,x,,Unlocks: 9mm HP Bullet.,,,,,,,,,,,,,
perk9mmCraftingRank3LongDesc,progression,perk,,x,,Unlocks: 9mm AP Bullet.,,,,,,,,,,,,,
perk9mmCraftingRank4LongDesc,progression,perk,,x,,"Unlocks: Bulk Crafted 9mm, 9mm HP and 9mm AP. Bulk Crafted Ammo is 20% cheaper to craft.",,,,,,,,,,,,,
perk44Crafting,progression,perk,,x,,.44 Crafting,,,,,,,,,,,,,
perk44CraftingName,progression,perk,,x,,.44 Crafting,,,,,,,,,,,,,
perk44CraftingDesc,progression,perk,,x,,Use your engineering expertise to make custom .44 magnum ammunition.,,,,,,,,,,,,,
perk44CraftingRank1Desc,progression,perk,,x,,.44 Magnum Bullet,,,,,,,,,,,,,
perk44CraftingRank2Desc,progression,perk,,x,,.44 Magnum HiPower,,,,,,,,,,,,,
perk44CraftingRank3Desc,progression,perk,,x,,.44 Magnum Armor Piercing,,,,,,,,,,,,,
perk44CraftingRank4Desc,progression,perk,,x,,.44 Magnum Bulk Crafter,,,,,,,,,,,,,
perk44CraftingRank1LongDesc,progression,perk,,x,,Unlocks: .44 Magnum Bullet.,,,,,,,,,,,,,
perk44CraftingRank2LongDesc,progression,perk,,x,,Unlocks: .44 Magnum HP Bullet.,,,,,,,,,,,,,
perk44CraftingRank3LongDesc,progression,perk,,x,,Unlocks: .44 Magnum AP Bullet.,,,,,,,,,,,,,
perk44CraftingRank4LongDesc,progression,perk,,x,,"Unlocks: Bulk Crafted .44 Magnum,.44 Magnum HP and .44 Magnum AP. Bulk Crafted Ammo is 20% cheaper to craft.",,,,,,,,,,,,,
perk762mmCrafting,progression,perk,,x,,7.62mm Crafting,,,,,,,,,,,,,
perk762mmCraftingName,progression,perk,,x,,7.62mm Crafting,,,,,,,,,,,,,
perk762mmCraftingDesc,progression,perk,,x,,Use your engineering expertise to make custom 7.62mm ammunition.,,,,,,,,,,,,,
perk762mmCraftingRank1Desc,progression,perk,,x,,7.62mm Bullet,,,,,,,,,,,,,
perk762mmCraftingRank2Desc,progression,perk,,x,,7.62mm HiPower,,,,,,,,,,,,,
perk762mmCraftingRank3Desc,progression,perk,,x,,7.62mm Armor Piercing,,,,,,,,,,,,,
perk762mmCraftingRank4Desc,progression,perk,,x,,7.62mm Bulk Crafter,,,,,,,,,,,,,
perk762mmCraftingRank1LongDesc,progression,perk,,x,,Unlocks: 7.62mm Bullet.,,,,,,,,,,,,,
perk762mmCraftingRank2LongDesc,progression,perk,,x,,Unlocks: 7.62mm HP Bullet.,,,,,,,,,,,,,
perk762mmCraftingRank3LongDesc,progression,perk,,x,,Unlocks: 7.62mm AP Bullet.,,,,,,,,,,,,,
perk762mmCraftingRank4LongDesc,progression,perk,,x,,"Unlocks: Bulk Crafted 7.62mm, 7.62mm HP and 7.62mm AP. Bulk Crafted Ammo is 20% cheaper to craft.",,,,,,,,,,,,,
perkShellCrafting,progression,perk,,x,,Shell Crafting,,,,,,,,,,,,,
perkShellCraftingName,progression,perk,,x,,Shell Crafting,,,,,,,,,,,,,
perkShellCraftingDesc,progression,perk,,x,,Use your engineering expertise to make custom shotgun shells.,,,,,,,,,,,,,
perkShellCraftingRank1Desc,progression,perk,,x,,Shells,,,,,,,,,,,,,
perkShellCraftingRank2Desc,progression,perk,,x,,Slugs,,,,,,,,,,,,,
perkShellCraftingRank3Desc,progression,perk,,x,,Bulk Crafter,,,,,,,,,,,,,
perkShellCraftingRank1LongDesc,progression,perk,,x,,Unlocks: Shotgun Shell.,,,,,,,,,,,,,
perkShellCraftingRank2LongDesc,progression,perk,,x,,Unlocks: Armor Piercing Slug and Breaching Slug.,,,,,,,,,,,,,
perkShellCraftingRank3LongDesc,progression,perk,,x,,"Unlocks: Bulk Crafted Shotgun Shells, AP Slugs and Breaching Slugs. Bulk Crafted Ammo is 20% cheaper to craft.",,,,,,,,,,,,,
perkArrowCrafting,progression,perk,,x,,Arrow Crafting,,,,,,,,,,,,,
perkArrowCraftingName,progression,perk,,x,,Arrow Crafting,,,,,,,,,,,,,
perkArrowCraftingDesc,progression,perk,,x,,"Use your archery, engineering and science expertise to fletch custom arrows and bolts.",,,,,,,,,,,,,
perkArrowCraftingRank1Desc,progression,perk,,x,,Primitive Bulk Crafter,,,,,,,,,,,,,
perkArrowCraftingRank2Desc,progression,perk,,x,,Steel Arrows and Bolts,,,,,,,,,,,,,
perkArrowCraftingRank3Desc,progression,perk,,x,,Steel Bulk Crafter,,,,,,,,,,,,,
perkArrowCraftingRank4Desc,progression,perk,,x,,Special Arrows and Bolts,,,,,,,,,,,,,
perkArrowCraftingRank5Desc,progression,perk,,x,,Special Bulk Crafter,,,,,,,,,,,,,
perkArrowCraftingRank1LongDesc,progression,perk,,x,,Unlocks: Bulk Crafted Stone Arrows and Bolts. Bulk Crafted Ammo is 20% cheaper to craft.,,,,,,,,,,,,,
perkArrowCraftingRank2LongDesc,progression,perk,,x,,Unlocks: Steel Arrows and Bolts. Bulk Craft Iron Arrows and Bolts. Bulk Crafted Ammo is 20% cheaper to craft.,,,,,,,,,,,,,
perkArrowCraftingRank3LongDesc,progression,perk,,x,,Unlocks: Bulk Crafted Steel Arrows and Bolts. Bulk Crafted Ammo is 20% cheaper to craft.,,,,,,,,,,,,,
perkArrowCraftingRank4LongDesc,progression,perk,,x,,Unlocks: Flaming and Explosive Arrows and Bolts.,,,,,,,,,,,,,
perkArrowCraftingRank5LongDesc,progression,perk,,x,,Unlocks: Bulk Crafted Special Arrows and Bolts. Bulk Crafted Ammo is 20% cheaper to craft.,,,,,,,,,,,,,
perkMasterChef,progression,perk,,x,,Master Chef,,,,,,,,,,,,,
perkMasterChefName,progression,perk,,x,,Master Chef,,,,,,,,,,,,,
perkMasterChefDesc,progression,perk,,x,,Use your survivalism and science skills to develop new food and drink recipes.,,,,,,,,,,,,,
perkMasterChefRank1Desc,progression,perk,,x,,Baker,,,,,,,,,,,,,
perkMasterChefRank2Desc,progression,perk,,x,,Army Cook,,,,,,,,,,,,,
perkMasterChefRank3Desc,progression,perk,,x,,Bachelor,,,,,,,,,,,,,
perkMasterChefRank4Desc,progression,perk,,x,,Commercial Caterer,,,,,,,,,,,,,
perkMasterChefRank5Desc,progression,perk,,x,,Grandpa,,,,,,,,,,,,,
perkMasterChefRank1LongDesc,progression,perk,,x,,"Use 20% less of a recipes main ingredient and cook 20% faster. \nUnlocks: Corn Bread, Pumpkin Bread, Blueberry Pie, Pumpkin Pie, Pumpkin Cheesecake and Honey Tea.",,,,,,,,,,,,,
perkMasterChefRank2LongDesc,progression,perk,,x,,"Cook 30% faster. \nUnlocks: Vegetable Stew and Meat Stew",,,,,,,,,,,,,
perkMasterChefRank3LongDesc,progression,perk,,x,,"Use 40% less of a recipes main ingredient and cook 40% faster. \nUnlocks: Yucca Juice Smoothie, Steak and Potato Meal, Beer,Chilli Dog and Honey Glazed Sham.",,,,,,,,,,,,,
perkMasterChefRank4LongDesc,progression,perk,,x,,"Cook 60% faster. \nUnlocks: Tuna Fish Gravy Toast, Shepards Pie, Spaghetti, Gumbo Stew, Hobo Stew and Honey Brisket.",,,,,,,,,,,,,
perkMasterChefRank5LongDesc,progression,perk,,x,,"Cook 80% faster. \nUnlocks: Grandpas Awesome Sauce, Grandpas Learning Elixer and Grandpas Moonshine.",,,,,,,,,,,,,
perkGreaseMonkey,progression,perk,,x,,Grease Monkey,,,,,,,,,,,,,
perkGreaseMonkeyName,progression,perk,,x,,Grease Monkey,,,,,,,,,,,,,
perkGreaseMonkeyDesc,progression,perk,,x,,Use your mastery of engineering and science to create vehicles.,,,,,,,,,,,,,
perkGreaseMonkeyRank1LongDesc,progression,perk,,x,,"Unlocks: Bicycle chassis and handlebars and wheels. \nCraft Bicycle parts 33% cheaper and repair kits are 10% more effective on vehicles.",,,,,,,,,,,,,
perkGreaseMonkeyRank2LongDesc,progression,perk,,x,,"Unlocks: Minibike chassis and handlebars, oil cans and gasoline cans. \nCraft Minibike parts 33% cheaper and repair kits are 20% more effective on vehicles.",,,,,,,,,,,,,
perkGreaseMonkeyRank3LongDesc,progression,perk,,x,,"Unlocks: Motorcycle chassis and handlebars and bulk craft gasoline. \nCraft Motorcycle parts 33% cheaper and repair kits are 30% more effective on vehicles.",,,,,,,,,,,,,
perkGreaseMonkeyRank4LongDesc,progression,perk,,x,,"Unlocks: 4x4 chassis and accessories. \nCraft 4x4 Truck parts 33% cheaper and repair kits are 40% more effective on vehicles.",,,,,,,,,,,,,
perkGreaseMonkeyRank5LongDesc,progression,perk,,x,,"Unlocks: Gyrocopter chassis and accessories.\nCraft Gyrocopter parts 33% cheaper and repair kits are 50% more effective on vehicles.",,,,,,,,,,,,,
perkRoboticsCrafting,progression,perk,,x,,Robotics Crafting,,,,,,,,,,,,,
perkRoboticsCraftingName,progression,perk,,x,,Robotics Crafting,,,,,,,,,,,,,
perkRoboticsCraftingDesc,progression,perk,,x,,Use your scientific and engineering genius to develop new robotics weapons and craft higher quality robots.,,,,,,,,,,,,,
perkRoboticsCraftingRank1Desc,progression,perk,,x,,Stun Baton,,,,,,,,,,,,,
perkRoboticsCraftingRank2Desc,progression,perk,,x,,Robotic Sledge,,,,,,,,,,,,,
perkRoboticsCraftingRank3Desc,progression,perk,,x,,Robotic Turret,,,,,,,,,,,,,
perkRoboticsCraftingRank4Desc,progression,perk,,x,,Ammo Crafter,,,,,,,,,,,,,
perkRoboticsCraftingRank5Desc,progression,perk,,x,,Robotic Drone,,,,,,,,,,,,,
perkRoboticsCraftingRank1LongDesc,progression,perk,,x,,"Craft level 2 robots. \nUnlocks: Stun Baton \nNote: Stun Baton quality is governed by Blacksmithing. Craft Level 2 Robotics Weapons",,,,,,,,,,,,,
perkRoboticsCraftingRank2LongDesc,progression,perk,,x,,"Craft level 3 robots.\nUnlocks: Robotic Sledge Turret and Robotic Turret Ammo. Craft Level 3 Robotics Weapons",,,,,,,,,,,,,
perkRoboticsCraftingRank3LongDesc,progression,perk,,x,,"Craft level 4 robots. \nUnlocks: Robotic Turret, Robotic Turret Shells and Bulk Craft Regular Robotic Turret Ammo. Craft Level 4 Robotics Weapons",,,,,,,,,,,,,
perkRoboticsCraftingRank4LongDesc,progression,perk,,x,,"Craft level 5 robots. \nUnlocks: Robotic Turret AP Ammo and Robotic Turret Shell Bulk Crafting. Craft Level 5 Robotics Weapons",,,,,,,,,,,,,
perkRoboticsCraftingRank5LongDesc,progression,perk,,x,,"Craft level 6 robots. \nUnlocks: Robotic Drone and Bulk Craft AP Robotic ammo. Craft Level 6 Robotics Weapons",,,,,,,,,,,,,
perkExplosivesCrafting,progression,perk,,x,,Explosives Crafting,,,,,,,,,,,,,
perkExplosivesCraftingName,progression,perk,,x,,Explosives Crafting,,,,,,,,,,,,,
perkExplosivesCraftingDesc,progression,perk,,x,,"Use your engineering and scientific know-how to formulate new explosive weapons \nNote: Rocket Launcher quality is governed by Gunsmithing.",,,,,,,,,,,,,
perkExplosivesCraftingRank1Desc,progression,perk,,x,,Anarchist,,,,,,,,,,,,,
perkExplosivesCraftingRank2Desc,progression,perk,,x,,Bomber,,,,,,,,,,,,,
perkExplosivesCraftingRank3Desc,progression,perk,,x,,Powderhead,,,,,,,,,,,,,
perkExplosivesCraftingRank4Desc,progression,perk,,x,,Army Ordnance Engineer,,,,,,,,,,,,,
perkExplosivesCraftingRank5Desc,progression,perk,,x,,Rocketeer,,,,,,,,,,,,,
perkExplosivesCraftingRank1LongDesc,progression,perk,,x,,Unlocks: Pipe Bombs and Cooking Pot Mines.,,,,,,,,,,,,,
perkExplosivesCraftingRank2LongDesc,progression,perk,,x,,Unlocks: Dynamite and Hubcap Mines.,,,,,,,,,,,,,
perkExplosivesCraftingRank3LongDesc,progression,perk,,x,,"Unlocks: Air Filter Mines, Bulk Crafted Gunpowder and Timed Charges.",,,,,,,,,,,,,
perkExplosivesCraftingRank4LongDesc,progression,perk,,x,,"Unlocks: Grenades, Contact Grenades and Rockets.",,,,,,,,,,,,,
perkExplosivesCraftingRank5LongDesc,progression,perk,,x,,Unlocks: Rocket Launcher.,,,,,,,,,,,,,
perkArmorCrafting,progression,perk,,x,,Armor Crafting,,,,,,,,,,,,,
perkArmorCraftingName,progression,perk,,x,,Armor Crafting,,,,,,,,,,,,,
perkArmorCraftingDesc,progression,perk,,x,,Use your expertise in armor to tailor and forge the finest armor in the wasteland.,,,,,,,,,,,,,
perkArmorCraftingRank1Desc,progression,perk,,x,,Novice,,,,,,,,,,,,,
perkArmorCraftingRank2Desc,progression,perk,,x,,Apprentice,,,,,,,,,,,,,
perkArmorCraftingRank3Desc,progression,perk,,x,,Journeyman,,,,,,,,,,,,,
perkArmorCraftingRank4Desc,progression,perk,,x,,Expert,,,,,,,,,,,,,
perkArmorCraftingRank5Desc,progression,perk,,x,,Master,,,,,,,,,,,,,
perkArmorCraftingRank1LongDesc,progression,perk,,x,,"Craft level 2 armor. \nUnlocks: Light Armors.",,,,,,,,,,,,,
perkArmorCraftingRank2LongDesc,progression,perk,,x,,"Craft level 3 armor. \nUnlocks: Medium Armors.",,,,,,,,,,,,,
perkArmorCraftingRank3LongDesc,progression,perk,,x,,"Craft level 4 armor. \nUnlocks: Heavy Armors.",,,,,,,,,,,,,
perkArmorCraftingRank4LongDesc,progression,perk,,x,,Craft level 5 armor.,,,,,,,,,,,,,
perkArmorCraftingRank5LongDesc,progression,perk,,x,,Craft level 6 armor.,,,,,,,,,,,,,
perkRangersExplodingBoltsDesc,progression,perk,,x,,Archery weapons aim 10% faster.,,,,,,,,,,,,,
perkRangersExplodingBoltsLongDesc,progression,perk,,x,,Archery weapons aim 10% faster.,,,,,,,,,,,,,
perkRangersAPAmmoDesc,progression,perk,,x,,Archery weapons fire 10% faster.,,,,,,,,,,,,,
perkRangersAPAmmoLongDesc,progression,perk,,x,,Archery weapons fire 10% faster.,,,,,,,,,,,,,
perkRangersFlamingArrowsLongDesc,progression,perk,,x,,Archery weapons reload 10% faster.,,,,,,,,,,,,,
perkRangersFlamingArrowsDesc,progression,perk,,x,,Archery weapons reload 10% faster.,,,,,,,,,,,,,
perkRangersCompleteDesc,progression,perk,,x,,Archery weapons deal 20% more headshot damage.,,,,,,,,,,,,,
perkRangersCompleteLongDesc,progression,perk,,x,,Archery weapons deal 20% more headshot damage.,,,,,,,,,,,,,
perkPistolPeteHPAmmoDesc,progression,perk,,x,,Ignore 10% of armor at point blank range.,,,,,,,,,,,,,
perkPistolPeteHPAmmoLongDesc,progression,perk,,x,,Ignore 10% of armor within 3 metres with 9mm weapons.,,,,,,,,,,,,,
perkPistolPeteAPAmmoDesc,progression,perk,,x,,Deal bleed damage at point blank range.,,,,,,,,,,,,,
perkPistolPeteAPAmmoLongDesc,progression,perk,,x,,Deal one stack of bleed damage within 3 metres with 9mm weapons.,,,,,,,,,,,,,
perkPistolPeteCompleteDesc,progression,perk,,x,,9mm weapons deal 20% more headshot damage.,,,,,,,,,,,,,
perkPistolPeteCompleteLongDesc,progression,perk,,x,,9mm weapons deal 20% more headshot damage.,,,,,,,,,,,,,
perkShotgunMessiahBreachingSlugsDesc,progression,perk,,x,,Shotguns reload 10% faster.,,,,,,,,,,,,,
perkShotgunMessiahBreachingSlugsLongDesc,progression,perk,,x,,Shotguns reload 10% faster.,,,,,,,,,,,,,
perkShotgunMessiahSlugsDesc,progression,perk,,x,,Shotguns ignore 10% more armor.,,,,,,,,,,,,,
perkShotgunMessiahSlugsLongDesc,progression,perk,,x,,Shotguns ignore 10% more armor.,,,,,,,,,,,,,
perkShotgunMessiahCompleteDesc,progression,perk,,x,,Shotguns deal 20% more headshot damage.,,,,,,,,,,,,,
perkShotgunMessiahCompleteLongDesc,progression,perk,,x,,Shotguns deal 20% more headshot damage.,,,,,,,,,,,,,
perkSledgeSagaCrippledMoraleDesc,progression,perk,,x,,Sledgehammers swing 5% faster.,,,,,,,,,,,,,
perkSledgeSagaCrippledMoraleLongDesc,progression,perk,,x,,Sledgehammers swing 5% faster.,,,,,,,,,,,,,
perkSledgeSagaPulverizingFinishersDesc,progression,perk,,x,,Deal 10% more damage to enemies below 30% health.,,,,,,,,,,,,,
perkSledgeSagaPulverizingFinishersLongDesc,progression,perk,,x,,Deal 10% more damage to enemies below 30% health.,,,,,,,,,,,,,
perkSledgeSagaSavageReaperDesc,progression,perk,,x,,Headshots give 10% more XP.,,,,,,,,,,,,,
perkSledgeSagaSavageReaperLongDesc,progression,perk,,x,,Headshots with sledgehammers give you 10% more XP.,,,,,,,,,,,,,
perkSledgeSagaArmorCrusherDesc,progression,perk,,x,,Sledgehammers ignore 10% more armor.,,,,,,,,,,,,,
perkSledgeSagaArmorCrusherLongDesc,progression,perk,,x,,Sledgehammers ignore 10% more armor.,,,,,,,,,,,,,
perkSledgeSagaCompleteDesc,progression,perk,,x,,Sledgehammers deal 20% more headshot damage.,,,,,,,,,,,,,
perkSledgeSagaCompleteLongDesc,progression,perk,,x,,Sledgehammers deal 20% more headshot damage.,,,,,,,,,,,,,
perkSniperAPAmmoDesc,progression,perk,,x,,Rifles fire 10% faster.,,,,,,,,,,,,,
perkSniperAPAmmoLongDesc,progression,perk,,x,,Rifles fire 10% faster.,,,,,,,,,,,,,
perkSniperHPAmmoDesc,progression,perk,,x,,Rifles ignore 10% more armor.,,,,,,,,,,,,,
perkSniperHPAmmoLongDesc,progression,perk,,x,,Rifles ignore 10% more armor.,,,,,,,,,,,,,
perkSniperCompleteDesc,progression,perk,,x,,Rifles deal 20% more headshot damage.,,,,,,,,,,,,,
perkSniperCompleteLongDesc,progression,perk,,x,,Rifles deal 20% more headshot damage.,,,,,,,,,,,,,
perkAutoWeaponsCompleteDesc,progression,perk,,x,,Automatic Rifles deal 20% more headshot damage.,,,,,,,,,,,,,
perkAutoWeaponsCompleteLongDesc,progression,perk,,x,,Automatic Rifles deal 20% more headshot damage.,,,,,,,,,,,,,
perkUrbanCombatAdrenalineRushDesc,progression,perk,,x,,Gain +3 Carry Weight.,,,,,,,,,,,,,
perkUrbanCombatAdrenalineRushLongDesc,progression,perk,,x,,Tactical Pouches: Gain +3 Carry Weight.,,,,,,,,,,,,,
perkTechJunkie3APAmmoDesc,progression,perk,,x,,Stun Batons deal 10% more damage.,,,,,,,,,,,,,
perkTechJunkie3APAmmoLongDesc,progression,perk,,x,,Stun Batons deal 10% more damage.,,,,,,,,,,,,,
perkTechJunkie4ShellsDesc,progression,perk,,x,,Stun Batons swing 10% faster.,,,,,,,,,,,,,
perkTechJunkie4ShellLongDesc,progression,perk,,x,,Stun Batons swing 10% faster.,,,,,,,,,,,,,
perkTechJunkie8CompleteDesc,progression,perk,,x,,Stun Batons and Robotic Weapons deal 20% more headshot damage.,,,,,,,,,,,,,
perkTechJunkie8CompleteLongDesc,progression,perk,,x,,Stun Batons and Robotic Weapons deal 20% more headshot damage.,,,,,,,,,,,,,
perkBarBrawling8CompleteDesc,progression,perk,,x,,Knuckle weapons deal 20% more headshot damage.,,,,,,,,,,,,,
perkBarBrawling8CompleteLongDesc,progression,perk,,x,,Knuckle weapons deal 20% more headshot damage.,,,,,,,,,,,,,
perkSpearHunter8CompleteDesc,progression,perk,,x,,Spears deal 20% more headshot damage.,,,,,,,,,,,,,
perkSpearHunter8CompleteLongDesc,progression,perk,,x,,Spears deal 20% more headshot damage.,,,,,,,,,,,,,
perkBatterUpCompleteDesc,progression,perk,,x,,Clubs deal 20% more headshot damage.,,,,,,,,,,,,,
perkBatterUpCompleteLongDesc,progression,perk,,x,,Clubs deal 20% more headshot damage.,,,,,,,,,,,,,
perkEnforcerHPAmmoDesc,progression,perk,,x,,.44 Weapons reload 10% faster.,,,,,,,,,,,,,
perkEnforcerHPAmmoLongDesc,progression,perk,,x,,.44 Weapons reload 10% faster.,,,,,,,,,,,,,
perkEnforcerAPAmmoDesc,progression,perk,,x,,.44 Weapons fire 15% faster.,,,,,,,,,,,,,
perkEnforcerAPAmmoLongDesc,progression,perk,,x,,.44 Weapons fire 15% faster.,,,,,,,,,,,,,
perkEnforcerCompleteDesc,progression,perk,,x,,.44 Weapons deal 20% more headshot damage.,,,,,,,,,,,,,
perkEnforcerCompleteLongDesc,progression,perk,,x,,.44 Weapons deal 20% more headshot damage.,,,,,,,,,,,,,
perkNightStalkerThiefAdrenalineDesc,progression,perk,,x,,Gain +6 carry weight at night.,,,,,,,,,,,,,
perkNightStalkerThiefAdrenalineLongDesc,progression,perk,,x,,Gain +6 carry weight at night.,,,,,,,,,,,,,
armorSkillMagazineDesc,progression,perk,,x,,"Check out all the latest armor designs for the modern warrior. \nImproves Armor Skill.",,,,,,,,,,,,,
athleticsSkillMagazineDesc,progression,perk,,x,,"Keep up to date with the latest developments in athletics. \nImproved Athletics Skill.",,,,,,,,,,,,,
athleticsSkillMagazine,progression,perk,,x,,Health Nut,,,,,,,,,,,,,
athleticsSkillMagazineName,progression,perk,,x,,Health Nut,,,,,,,,,,,,,
clubsSkillMagazineDesc,progression,perk,,x,,"Check out all the latest clubs and bats for sports, home defense and gang wars. \nImproves Blunt Skill.",,,,,,,,,,,,,
bowsSkillMagazineDesc,progression,perk,,x,,"Master archery using the Bow Hunters Magazine! \nImproves Archery Skill.",,,,,,,,,,,,,
workstationSkillMagazineDesc,progression,perk,,x,,"Learn to outfit your shop with forges, workbenches, cement mixers and more! \nImproves Engineering Skill.",,,,,,,,,,,,,
handgunsSkillMagazineDesc,progression,perk,,x,,"The sensible citizen reads this magazine about sensible defensive handguns. \nImproves Pistols Skill.",,,,,,,,,,,,,
repairToolsSkillMagazineDesc,progression,perk,,x,,"From the home repair enthusiast to the professional repairman, we've got you covered! \nImproves Engineering Skill.",,,,,,,,,,,,,
foodSkillMagazineDesc,progression,perk,,x,,"Learn to cook dozens of amazing meals and become a Master Chef! \nImproves Survivalism Skill.",,,,,,,,,,,,,
bladesSkillMagazineDesc,progression,perk,,x,,"Be a real knife guy! Get the best info on all your bladed weapon needs. \nImproves Blade Skill.",,,,,,,,,,,,,
medicalSkillMagazineDesc,progression,perk,,x,,"Learn life saving skills! Make bandages and medical supplies from common household items. \nImproves Science Skill.",,,,,,,,,,,,,
riflesSkillMagazineDesc,progression,perk,,x,,"Check out vintage and modern hunting rifles in this amazing issue of Rifle World \nImproves Rifles Skill.",,,,,,,,,,,,,
scavengingSkillMagazineDesc,progression,perk,,x,,"Watch out for all the best deals around the country with Super Shopper magazine. \nImproves Scavenging Skill.",,,,,,,,,,,,,
scavengingSkillMagazine,progression,perk,,x,,Super Shopper,,,,,,,,,,,,,
scavengingSkillMagazineName,progression,perk,,x,,Super Shopper,,,,,,,,,,,,,
salvageToolsSkillMagazineDesc,progression,perk,,x,,"One man's junk is another man's treasure! \nImproves Salvaging Skill.",,,,,,,,,,,,,
spearsSkillMagazineDesc,progression,perk,,x,,"If you like poking holes in things, Sharp Sticks has you covered! \nImproves Piercing Skill.",,,,,,,,,,,,,
shotgunsSkillMagazineDesc,progression,perk,,x,,"Whether it's single shot, double barrel, pump action or automatic shotguns, we have you covered! \nImproves Shotguns Skill.",,,,,,,,,,,,,
seedSkillMagazineDesc,progression,perk,,x,,"Keep up with all the latest developments in farming with Southern Farming Magazine! \nImproves Survivalism Skill.",,,,,,,,,,,,,
machineGunsSkillMagazineDesc,progression,perk,,x,,"Check out the latest assault rifles on the market with Tactical Warfare! \nImproves Automatic Rifles Skill.",,,,,,,,,,,,,
speechSkillMagazine,progression,perk,,x,,Business Secrets,,,,,,,,,,,,,
speechSkillMagazineName,progression,perk,,x,,Business Secrets,,,,,,,,,,,,,
speechSkillMagazineDesc,progression,perk,,x,,"Follow the latest developments in the business world. \nImproves Speech Skill.",,,,,,,,,,,,,
harvestingToolsSkillMagazineDesc,progression,perk,,x,,"Learn to craft the best tools! \nImproves Mining Skill.",,,,,,,,,,,,,
electricianSkillMagazineDesc,progression,perk,,x,,"Let there be light! Learn all about electricity with Wiring 101. \nImproves Science Skill.",,,,,,,,,,,,,
vehicleTruck4x4ChassisSchematic,progression,perk,,x,,4x4 Truck Chassis,,,,,,,,,,,,,
vehicleTruck4x4ChassisSchematicName,progression,perk,,x,,4x4 Truck Chassis,,,,,,,,,,,,,
vehicleTruck4x4AccessoriesSchematic,progression,perk,,x,,4x4 Truck Accessories,,,,,,,,,,,,,
vehicleTruck4x4AccessoriesSchematicName,progression,perk,,x,,4x4 Truck Accessories,,,,,,,,,,,,,
perkLivingOffTheLandDesc,progression,perk,,x,,Specialise in harvesting more crops.,,,,,,,,,,,,,
armorNerdOutfitDesc,progression,perk,,x,,"Heavy Armor\nThe durable steel cage adds much needed protection from the outside world. Gives extra maximum health.\n\nFull Set Bonus: Tools and Weapons degrade slower.",,,,,,,,,,,,,
armorNomadHelmetDesc,progression,perk,,x,,"Heavy Armor\nGuarded against the dangerous diseases of the wasteland, this headgear enables the Nomad to wander further. Reduces infection chance.\n\nFull Set Bonus: Reduces stamina recovery costs.",,,,,,,,,,,,,
meleeToolAxeT2SteelAxeSchematic,progression,perk,,x,,Steel Axe Schematic,,,,,,,,,,,,,
meleeToolPickT2SteelPickaxeSchematic,progression,perk,,x,,Steel Pickaxe Schematic,,,,,,,,,,,,,
meleeToolShovelT2SteelShovelSchematic,progression,perk,,x,,Steel Shovel Schematic,,,,,,,,,,,,,
cntDewCollectorSchematic,progression,perk,,x,,Dew Collector Schematic,,,,,,,,,,,,,
ammoArrowSteelAPSchematic,progression,perk,,x,,Steel Arrow Schematic,,,,,,,,,,,,,
ammoArrowFlamingSchematic,progression,perk,,x,,Flaming Arrow Schematic,,,,,,,,,,,,,
ammoArrowExplodingSchematic,progression,perk,,x,,Exploding Arrow Schematic,,,,,,,,,,,,,
ammoCrossbowBoltSteelAPSchematic,progression,perk,,x,,Steel Crossbow Bolt Schematic,,,,,,,,,,,,,
ammoCrossbowBoltFlamingSchematic,progression,perk,,x,,Flaming Crossbow Bolt Schematic,,,,,,,,,,,,,
ammoCrossbowBoltExplodingSchematic,progression,perk,,x,,Exploding Crossbow Bolt Schematic,,,,,,,,,,,,,
ammoRocketSchematic,progression,perk,,x,,Rocket Schematic,,,,,,,,,,,,,
ammoJunkTurretRegularSchematic,progression,perk,,x,,Robotic Turret Ammo Schematic,,,,,,,,,,,,,
ammoJunkTurretShellSchematic,progression,perk,,x,,Robotic Turret Shell Schematic,,,,,,,,,,,,,
ammoJunkTurretAPSchematic,progression,perk,,x,,AP Robotic Turret Ammo Schematic,,,,,,,,,,,,,
ammo9mmBulletBallSchematic,progression,perk,,x,,9mm Bullet Schematic,,,,,,,,,,,,,
ammo9mmBulletHPSchematic,progression,perk,,x,,HP 9mm Bullet Schematic,,,,,,,,,,,,,
ammo9mmBulletAPSchematic,progression,perk,,x,,AP 9mm Bullet Schematic,,,,,,,,,,,,,
ammo44MagnumBulletBallSchematic,progression,perk,,x,,.44 Magnum Bullet Schematic,,,,,,,,,,,,,
ammo44MagnumBulletHPSchematic,progression,perk,,x,,HP .44 Magnum Bullet Schematic,,,,,,,,,,,,,
ammo44MagnumBulletAPSchematic,progression,perk,,x,,AP .44 Magnum Bullet Schematic,,,,,,,,,,,,,
ammo762mmBulletBallSchematic,progression,perk,,x,,7.62mm Bullet Schematic,,,,,,,,,,,,,
ammo762mmBulletHPSchematic,progression,perk,,x,,HP 7.62mm Bullet Schematic,,,,,,,,,,,,,
ammo762mmBulletAPSchematic,progression,perk,,x,,AP 7.62mm Bullet Schematic,,,,,,,,,,,,,
ammoShotgunShellSchematic,progression,perk,,x,,Shotgun Shell Schematic,,,,,,,,,,,,,
ammoShotgunSlugSchematic,progression,perk,,x,,AP Slug Schematic,,,,,,,,,,,,,
ammoShotgunBreachingSlugSchematic,progression,perk,,x,,Breaching Slug Schematic,,,,,,,,,,,,,
mineCookingPotSchematic,progression,perk,,x,,Cooking Pot Mine Schematic,,,,,,,,,,,,,
mineHubcapSchematic,progression,perk,,x,,Hubcap Mine Schematic,,,,,,,,,,,,,
mineAirFilterSchematic,progression,perk,,x,,Air Filter Mine Schematic,,,,,,,,,,,,,
perkMotherLodeRank1LongDesc,progression,perk,,x,,Harvest 10% more resources with mining tools.,,,,,,,,,,,,,
perkMotherLodeRank2LongDesc,progression,perk,,x,,Harvest 20% more resources with mining tools.,,,,,,,,,,,,,
perkMotherLodeRank3LongDesc,progression,perk,,x,,Harvest 30% more resources with mining tools.,,,,,,,,,,,,,
perkMotherLodeRank4LongDesc,progression,perk,,x,,Harvest 40% more resources with mining tools.,,,,,,,,,,,,,
perkMotherLodeRank5LongDesc,progression,perk,,x,,Harvest 50% more resources with mining tools.,,,,,,,,,,,,,
questRewardT1SkillMagazineBundle,progression,perk,,x,,Random Skill Magazine,,,,,,,,,,,,,
questRewardMagazineBundleDesc,progression,perk,,x,,Get a random skill magazine to level your action skills.,,,,,,,,,,,,,
perkApiaryCrafting,progression,perk,,x,,Apiculture,,,,,,,,,,,,,
perkApiaryCraftingName,progression,perk,,x,,Apiculture,,,,,,,,,,,,,
perkApiaryCraftingDesc,progression,perk,,x,,Combine your understanding of nature and engineering to manage hives of bees to generate honey passively,,,,,,,,,,,,,
perkApiaryCraftingRank1Desc,progression,perk,,x,,Apiary Builder,,,,,,,,,,,,,
perkApiaryCraftingRank2Desc,progression,perk,,x,,Bee Whisperer,,,,,,,,,,,,,
perkApiaryCraftingRank3Desc,progression,perk,,x,,Honey Baron,,,,,,,,,,,,,
perkApiaryCraftingRank4Desc,progression,perk,,x,,Brood Mother,,,,,,,,,,,,,
perkApiaryCraftingRank1LongDesc,progression,perk,,x,,Craft Apiaries to generate honey. Be careful of aggrivating the bees.,,,,,,,,,,,,,
perkApiaryCraftingRank2LongDesc,progression,perk,,x,,Craft Bee Smoker modules for your Apiaries to prevent bee aggrivation.,,,,,,,,,,,,,
perkApiaryCraftingRank3LongDesc,progression,perk,,x,,Craft Honey Extractors to get honey more frequently.,,,,,,,,,,,,,
perkApiaryCraftingRank4LongDesc,progression,perk,,x,,Craft Brood Boxes to generate more honey per harvest.,,,,,,,,,,,,,
perkChickenCoopCrafting,progression,perk,,x,,Poultry Farming,,,,,,,,,,,,,
perkChickenCoopCraftingName,progression,perk,,x,,Poultry Farming,,,,,,,,,,,,,
perkChickenCoopCraftingDesc,progression,perk,,x,,Combine your understanding of nature and engineering to build chicken coops and raise poultry for eggs and feathers passively,,,,,,,,,,,,,
perkChickenCoopCraftingRank1Desc,progression,perk,,x,,Coop Builder,,,,,,,,,,,,,
perkChickenCoopCraftingRank2Desc,progression,perk,,x,,Flock Caretaker,,,,,,,,,,,,,
perkChickenCoopCraftingRank3Desc,progression,perk,,x,,Free Range Rancher,,,,,,,,,,,,,
perkChickenCoopCraftingRank4Desc,progression,perk,,x,,Roost Master,,,,,,,,,,,,,
perkChickenCoopCraftingRank1LongDesc,progression,perk,,x,,Craft Chicken Coops to start gathering feathers and eggs passively.,,,,,,,,,,,,,
perkChickenCoopCraftingRank2LongDesc,progression,perk,,x,,Craft Brooding Lamps to increase production and speed up chicken maturation rates.,,,,,,,,,,,,,
perkChickenCoopCraftingRank3LongDesc,progression,perk,,x,,"Craft Chicken Runs to give your chickens room to hunt for bugs, reducing feed costs by 50%.",,,,,,,,,,,,,
perkChickenCoopCraftingRank4LongDesc,progression,perk,,x,,Craft Nesting Boxes to allow chicken breeding and increase total chicken slots.,,,,,,,,,,,,,

foodChickenNuggetsSchematic,items,Item,,,,Chicken Nuggets Recipe,,,,,,,,,,,,,
foodRoadrunnerChickenJerkySchematic,items,Item,,,,Roadrunner Chicken Jerky Recipe,,,,,,,,,,,,,
foodChickenWingsSchematic,items,Item,,,,Chicken Wings Recipe,,,,,,,,,,,,,
foodAshChickenStewSchematic,items,Item,,,,Ash Chicken Stew Recipe,,,,,,,,,,,,,
foodHoneyBrisketSchematic,progression,perk,,x,,Honey Brisket Recipe,,,,,,,,,,,,,
foodHoneyGlazedShamSchematic,progression,perk,,x,,Honey Glazed Sham Recipe,,,,,,,,,,,,,
drinkJarHoneyTeaSchematic,progression,perk,,x,,Honey Tea Recipe,,,,,,,,,,,,,
cntApiarySchematic,progression,perk,,x,,Apiary Schematic,,,,,,,,,,,,,
foodHoneyBrisketSchematicName,progression,perk,,x,,Honey Brisket Recipe,,,,,,,,,,,,,
foodHoneyGlazedShamSchematicName,progression,perk,,x,,Honey Glazed Sham Recipe,,,,,,,,,,,,,
drinkJarHoneyTeaSchematicName,progression,perk,,x,,Honey Tea Recipe,,,,,,,,,,,,,
cntApiarySchematicName,progression,perk,,x,,Apiary Schematic,,,,,,,,,,,,,

statLBDSkillsCigar,UI,Stat,,x,,"All Melee Skills",,,,,,,,,,,,,
modArmorCigarDesc,progression,perk,,x,,"Look intimidating and get a better deal from traders.\n\nStats Granted - Tier Based:\nAll Melee Skills     +2,+4,+6,+8,+10,+12\nBartering          +5%,+6%,+7%,+8%,+10%",,,,,,,,,,,,,
modArmorPerceptionDesc,progression,perk,,x,,"Enhances your senses and situational awareness.\n\nStats Granted - Tier Based:\nAll Ranged Skills   +2,+4,+6,+8,+10,+12\nLoot Stage             +1,+2,+3,+4,+5,+6",,,,,,,,,,,,,
modArmorStrengthDesc,progression,perk,,x,,"A core upgrade to your physical prowess.\n\nStats Granted - Tier Based:\nAll Melee Skills    +2,+4,+6,+8,+10,+12\nCarry Capacity    +1,+2,+3,+4,+5,+6",,,,,,,,,,,,,
modArmorFortitudeDesc,progression,perk,,x,,"A core upgrade to your resilience and endurance.\n\nStats Granted - Tier Based:\nArmor Skill       +2,+4,+6,+8,+10,+12\nSurvival Skill    +2,+4,+6,+8,+10,+12\nMax HP           +5,+10,+15,+20,+25,+30",,,,,,,,,,,,,
modArmorAgilityDesc,progression,perk,,x,,"A core upgrade to your speed and flexibility.\n\nStats Granted - Tier Based:\nAthletics Skill    +2,+4,+6,+8,+10,+12\nScavenging Skill  +2,+4,+6,+8,+10,+12\nMax Stamina    +5,+10,+15,+20,+25,+30\nStamina/s     +1%,+2%,+3%,+4%,+5%,+6%",,,,,,,,,,,,,
modArmorIntellectDesc,progression,perk,,x,,"A core upgrade to your brainpower and efficiency.\n\nStats Granted - Tier Based:\nScience Skill      +2,+4,+6,+8,+10,+12\nSpeech Skill       +2,+4,+6,+8,+10,+12\nEngineering Skill +2,+4,+6,+8,+10,+12\nXP Gain  +5%,+10%,+15%,+20%,+25%,+30%",,,,,,,,,,,,,
statLBDSkillsPercPatch,UI,Stat,,x,,"All Ranged Skills"
statLBDSkillsStrPatch,UI,Stat,,x,,"All Melee Skills"
statLBDSkillsFortPatch,UI,Stat,,x,,"Armor & Survivalism"
statLBDSkillsAgiPatch,UI,Stat,,x,,"Athletics & Scavenging"
statLBDSkillsIntPatch,UI,Stat,,x,,"Sci, Speech & Eng."
statHealthMaxPatch,UI,Stat,,x,,"Max Health"
statStaminaMaxPatch,UI,Stat,,x,,"Max Stamina"
statLootStagePatch,UI,Stat,,x,,"Loot Bonus"
statPlayerExpGainPatch,UI,Stat,,x,,"XP Gain"
statCarryCapacityPatch,UI,Stat,,x,,"Carry Capacity"
statStaminaChangeOT,UI,Stat,,x,,"Stamina Regen"

